produit;fournisseur;ville;pays;site;contact_public;moq;prix_fob_usd;delai_production;certifications;marque_blanche;source;notes
Kimono coton imprimé bloc main (gamme kimonos/robes);Moharis;Jaipur (Rajasthan);Inde;https://moharis.com/wholesale/;info@moharis.com (formulaire en ligne, réponse annoncée 24-48 h);20 pièces par style/design (mix styles/coloris négociable);"Introuvable (sur demande) ; proxy marché IndiaMART Jaipur 5,1-8,5 USD/pièce EXW";4-6 semaines après confirmation et validation de l'échantillon;"Aucune certification propre affichée ; « certificats GOTS, REACH, fair-trade sourcés sur demande » (déclaratif)";"Oui : couleurs, imprimés, tissu (voile, cambric, coton bio), tailles, étiquettes, packaging, développement de motifs d'après vos dessins ; design gratuit sur commandes en quantité";https://moharis.com/wholesale/ (consulté 2026-10-02 via Firecrawl);"Meilleur fit MOQ/budget ; atelier d'impression bloc en propre ; motifs exclusifs possibles (gravure de blocs à chiffrer) ; exiger un rapport azoïques EN ISO 14362-1"
Robe/kimono et tissu imprimé bloc sur coton bio GOTS (CMT complet);Mehera Shaw Textiles;Jaipur (unité d'impression à Sanganer);Inde;https://meherashaw.com/pages/manufacture;vishal@meherashaw.com;"Vêtements : 500 pcs par commande ET 50 pcs/style (jusqu'à 3 tailles) ; tissu imprimé : 300 m/imprimé";"Introuvable (sur devis) ; ESTIMATION 9-14 USD (méthode : prix IndiaMART 5-8,5 USD + prime 30-60 % bio GOTS/fair trade, non vérifié)";Introuvable sur la page (à demander);"WFTO membre garanti n°1047 ; coton bio certifié GOTS ; colorants sans azoïques (déclaré)";"Oui : CMT, patronage, échantillonnage, petites/moyennes séries ; dessins maison ou du client";http://meherashaw.com/pages/manufacture (consulté 2026-10-02 via Firecrawl);"Seul fournisseur trouvé avec WFTO + GOTS vérifiés = argument premium ; MOQ total 500 pcs = plafond du critère c6"
Vêtements et tissus imprimés bloc main (CMT, gravure de blocs);Shivalaya;Jaipur;Inde;https://www.shivalayajaipur.com/manufacturing;"Formulaire du site ; « Designer Guidelines » (MOQ détaillés) sur demande";Introuvable publiquement (dans les Designer Guidelines);Introuvable (sur devis);"Échantillon 4-6 semaines ; production 7-10 jours ouvrés (plus si gros volume) ; DHL Express 5-8 jours ouvrés";"« Fair trade » déclaré (aucun numéro WFTO trouvé) ; promotion du coton bio";Oui : CMT complet pour créateurs/marques, gravure de blocs pour motifs sur mesure;https://www.shivalayajaipur.com/manufacturing (extrait moteur de recherche, consulté 2026-10-02);"Depuis 1991 ; délais de production les plus courts trouvés ; gravure de blocs = motifs réellement exclusifs"
Kimono coton imprimé bloc (beachwear/peignoir);Meera Handicrafts;Jaipur;Inde;https://www.indiamart.com/proddetail/block-printed-kimono-robe-22059597133.html;"Via IndiaMART ; site https://www.meerahandicrafts.in";Non affiché sur la fiche au 2026-10-02 (extrait moteur antérieur : 50 pcs);"5,1 USD (₹450/pièce affiché, EXW) ; version courte ₹550, ancienne annonce ₹750 ; conversion ESTIMATION 1 USD = 88 INR";Introuvable;"Aucune affichée ; GST enregistré 2018, établi 2014, fabricant";Oui : « nous réalisons vos designs et des vêtements à la demande »;https://www.indiamart.com/proddetail/block-printed-kimono-robe-22059597133.html (consulté 2026-10-02 via Firecrawl);"Exporte USA/UK/Australie/Canada (extrait moteur) ; finitions à vérifier sur échantillon ; prix plancher du marché"
Kimono coton imprimé bloc (taille unique);Om Shiva Exports;Jaipur (Amer Road);Inde;https://www.omshivaexports.com/cotton-bathrobe.html;"+91-8047663326 (numéro IndiaMART) ; P No 31 Jagdish Colony, Mount Road, Amer Road, Jaipur 302002";20 pièces;"5,7 USD (Rs 500/pièce, EXW) ; conversion ESTIMATION 1 USD = 88 INR";"« 1 jour » affiché (stock) ; délai sur mesure introuvable";Aucune affichée;Probable (fabricant déclaré), non confirmé;https://www.omshivaexports.com/cotton-bathrobe.html (consulté 2026-10-02 via Firecrawl);"Plutôt catalogue/stock que développement exclusif ; utile pour échantillons rapides et test de coupe"
Tissu imprimé bloc sur mesure + confection (kurtis, ready-to-wear);Shree Srishti Textile;Sanganer, Jaipur;Inde;https://srishtitextile.com/pages/custom-fabric-printing-services-jaipur;"+91 7877485921 ; +91 8947827643 (WhatsApp)";100 m par design/coloris (impression sur mesure);Introuvable (sur devis);"Introuvable ; échantillonnage prototype payant";"Colorants/pigments sans azoïques (déclaré) ; GOTS/OEKO-TEX non mentionnés";"Oui : étiquetage marque, packaging retail, OEM ; tests retrait et solidité couleurs";https://srishtitextile.com/pages/custom-fabric-printing-services-jaipur (consulté 2026-10-02 via Firecrawl);Kimono non listé : pour imprimer un motif exclusif (100 m ≈ 35-40 kimonos, ESTIMATION 2,5-3 m/kimono long) puis confection chez un atelier CMT
Kimono coton imprimé (tigre, floral);Dhanlaxmi Handicrafts (Alibaba);Introuvable (Inde, ville non visible dans l'extrait);Inde;https://www.alibaba.com/product-detail/Wholesale-Indian-Cotton-Tiger-Print-Kimono_11000010801220.html;Messagerie Alibaba;10 pièces;"19,99 USD (2-9 pcs) ; 16,99 USD (10-24) ; 15,99 USD (25+)";Introuvable;Aucune affichée;Introuvable;"Extrait moteur de recherche de la fiche Alibaba (consulté 2026-10-02 ; page non ouverte)";"Prix ≈3× IndiaMART : repère haut seulement ; intérêt = Trade Assurance"
Kimono imprimé bloc main (bleu, rouge, gris);Legacy Fabrics;Sanganer Road, Jaipur;Inde;https://www.exportersindia.com/legacy-fabric/about-us.htm;Via ExportersIndia;Introuvable;Introuvable;Introuvable;"Aucune affichée ; actif depuis 2005";Introuvable;https://www.exportersindia.com/legacy-fabric/about-us.htm (extrait moteur de recherche, consulté 2026-10-02);"Fabricant-exportateur de kimonos imprimés bloc ; à qualifier par demande de devis"
Kimono imprimé bloc main;Bhavya International;Jaipur;Inde;https://dir.indiamart.com/jaipur/kimono-robe.html;Via IndiaMART;Introuvable;"7,4 USD (₹650/pièce « Kimono Hand Block Printed », EXW) ; conversion ESTIMATION 1 USD = 88 INR";Introuvable;Introuvable;Introuvable;https://dir.indiamart.com/jaipur/kimono-robe.html (consulté 2026-10-02 via Firecrawl);Annuaire IndiaMART Jaipur : 2 annonces « block print » sur 10 (Shoprockers ₹499, Bhavya ₹650), le reste = kantha, tie-dye, velours
