produit;fournisseur;ville;pays;site;contact_public;moq;prix_fob_usd;delai_production;certifications;marque_blanche;source;notes
Chapeau Panama toquilla (lot fedora/traditionnel grade 4-5);MontEcuador Hats (MontEcuadorHats);Montecristi (Manabí);Équateur;https://montecuadorhats.com;"info@montecuadorhats.com ; WhatsApp +593 98 893 8400";12 (lot = 1 douzaine, tailles XS-XXL panachables);35,00 (lot 420 USD / 12) — prix catalogue gros, transport en sus, FOB réel à négocier;"Fine : 3-4 semaines de tissage ; lots livrés à l'international en « 2 à 3 semaines maximum »";"Certificat d'authenticité/origine fourni (auto-déclaré) ; mention UNESCO (patrimoine immatériel 2012)";"OUI : « private label and general label options » + « personalize them with your own logo » ; couleurs de ruban selon stock";"https://montecuadorhats.com/wholesale-orders/ ; https://montecuadorhats.com/tienda/offers-promotions/men-2/panama-hat-toquilla-straw-traditional-lot/ (consultés 2026-10-02)";"Fabricant/atelier direct revendiquant 27 ans d'expérience ; propose aussi roll-up, Montecristi « Premium » (21-28 rangs/pouce, 16-20 sem.) — Montecristi = côte, pas Cuenca"
Chapeau Panama toquilla personnalisé (grade 3-4) / Fino Montecristi grade 11-12;Ecuadorian Crafts (ecuadorstores.com);introuvable (Équateur);Équateur;https://ecuadorstores.com;WhatsApp +593 99 005 5128 (email non publié);"12 (boîtes de 12) ; prix spécial dès 50 ; grade 11-12 : MOQ 6";"27,99 (grade 3-4, personnalisé logo) ; 45,00 (grade 11-12) — prix catalogue, FOB à confirmer";Préparation 8 jours ouvrés (international) + FedEx ≤8 jours ouvrés;introuvable;OUI : logo entreprise, ruban personnalisé, « General Logos – Private Label », couleur de bande au choix;"https://ecuadorstores.com/toquilla-straw/wholesale-panama-hat-custom-handmade-corporate-events-souvenir/ ; https://ecuadorstores.com/toquilla-straw/fine-montecristi-panama-hat-grade-11-12-handwoven-toquilla-straw-ecuador-wholesale/ (consultés 2026-10-02)";"Statut fabricant vs négociant non vérifié ; meilleur prix public trouvé pour le scénario 119-149 € ; roll-up affiché 200-1 000 USD (détail) => rollable incompatible avec un prix public < 169 €"
Chapeau Panama toquilla (Cuenca, fedora/borsalino tous grades);Homero Ortega P. & Hijos (Homero Ortega Peñafiel e Hijos C. Ltda., RUC 0190008886001);Cuenca (Azuay);Équateur;https://homeroortega.com;"info@homeroortega.com ; +593 7 280 9000 ; Gil Ramírez Dávalos 3-86, Cuenca";introuvable (à demander);introuvable — proxy : prix détail e-shop 45-94 USD (modèles Moises/Enner 45 USD, Abeto 94 USD);introuvable;Se dit adhérer aux principes du commerce équitable (auto-déclaré, aucun label tiers trouvé);Non documenté publiquement (vend sous sa marque, déjà revendu en France par Traclet réf. 2033);"https://homeroortega.com/e-shop/ ; https://homeroortega.com/contactenos/?lang=en ; https://www.veritradecorp.com/es/ecuador/importaciones-y-exportaciones-homero-ortega-penafiel-e-hijos-c-ltda/ruc-0190008886001 (consultés 2026-10-02)";"Plus ancien exportateur (5 générations) ; l'un des 3 plus gros transformateurs/exportateurs de Cuenca (PRX/The World) — marque déjà connue des chapelleries FR = risque de comparaison prix"
Chapeau Panama toquilla (Fino à Montecristi extrafino);K. Dorfzaun S.A.;Cuenca (Azuay);Équateur;https://kdorfzaun.com;"hello@kdorfzaun.com / info@kdorfzaun.com ; +593 7 280 7563 ; Av. Gil Ramírez Dávalos 4-34, Cuenca";introuvable (à demander);introuvable — proxy : détail Etsy « Fino genuine Panama » 180 USD, Montecristi extrafino 455 USD;introuvable;Fair trade revendiqué (auto-déclaré);OUI (probable) : se présente comme « trusted B2B supplier for luxury brands, wholesalers, hatmakers & designers since 1939 »;"https://kdorfzaun.com/ ; https://www.etsy.com/shop/KDorfzaun ; https://theworld.org/stories/2017/03/10/panama-hats-made-ecuador (consultés 2026-10-02)";"Fondé 1939 ; positionnement haut de gamme / fournisseur de marques de luxe => MOQ et prix probablement supérieurs au besoin ; à interroger en priorité pour la crédibilité"
Chapeau Panama toquilla (classique);Serrano Hat Export Cía. Ltda.;Cuenca (Azuay);Équateur;http://www.serranohat.com;"info@serranohat.com ; +593 7 280 1605 / 07-2862119 / 0997132072 ; Calle Vieja 6-38 y De Las Alcabalas";introuvable (à demander);introuvable;introuvable;introuvable;Non documenté (clients « du petit magasin exclusif aux grands magasins renommés »);"https://www.edina.com.ec/sombreros-exportadores/serrano-hat-export-cia-ltda/cuenca/4687/1/322 ; https://www.serranohat.com/history.html (consultés 2026-10-02)";"Fondé 1905 ; l'un des 3 plus gros exportateurs de Cuenca avec Homero Ortega et K. Dorfzaun"
Chapeau Panama toquilla (hommes/femmes, personnalisable);Barranco's Panama Hat Factory;Cuenca (Azuay) — Calle Larga 10-41;Équateur;https://barrancospanamahats.com;formulaire site (email non trouvé);introuvable (option « wholesale » affichée sans MOQ);introuvable — proxy : détail ≈35-850 USD selon grade;introuvable;introuvable;"Personnalisation possible (chapeau « blank » customisé en boutique) ; marque blanche non documentée";"https://barrancospanamahats.com/fino-panama-hats-c-21_29_sub_cat-21.html ; https://www.myguideecuador.com/shopping/barrancos-panama-hat-factory (consultés 2026-10-02)";"Établi en 1942 ; atelier-boutique touristique => à tester sur petites séries"
Chapeau Panama toquilla (fedora, roll-up, tous grades);Ecua-Andino Hats;"Guayaquil (siège) ; tissage 5 provinces";Équateur;https://ecua-andino.com;"info@ecua-andino.com ; WhatsApp +593 99 693 0727 ; bureau UE : Milady Horákové 1076, 500 06 Hradec Králové (CZ), +420 731 221 592, info@ecua-andino.cz";introuvable (formulaire « Become a Distributor »);introuvable;Gros : 4-8 semaines de production + finition + transport;Certificat d'origine joint à chaque chapeau;introuvable (à demander);"https://ecua-andino.com/faq/ ; https://en.wikipedia.org/wiki/Ecua-Andino_Hats (consultés 2026-10-02)";"≈200 000 chapeaux exportés/an et >3 500 artisans (Wikipedia) ; filière intégrée (culture→tissage) ; bureau en UE = interlocuteur GPSR/logistique simplifiés"
Chapeau Panama toquilla tissé à Sígsig;Asociación de Tejedoras de Sombreros y Artesanías de Paja Toquilla Sígsig (TESYA, RUC 0190361810001);Sígsig (Azuay);Équateur;https://www.asotesya.com (à vérifier);introuvable;introuvable;introuvable;introuvable;introuvable (association de tisserandes, angle commerce équitable non certifié);introuvable;"https://www.veritradecorp.com/en/ecuador/imports-and-exports-asociacion-de-tejedoras-de-sombreros-y-artesanias-de-paja-toquilla-sigsig/ruc-0190361810001 ; https://www.eluniverso.com/vida-estilo/2017/01/05/nota/5980051/mujeres-sigsig-convierten-mano-paja-toquilla-sombreros/ (consultés 2026-10-02)";"Exporte vers Royaume-Uni et France (expéditions 2024 selon bases douanières) ; MonChapeauPanama (concurrent FR) s'approvisionne auprès d'une coopérative de Sígsig de >150 femmes => storytelling « femmes artisanes » déjà pris"
Chapeau Panama toquilla (Cuenca + Montecristi);Gamboa Fashion;introuvable (Équateur, tisserands de Cuenca et Montecristi);Équateur;https://www.gamboafashion.com;formulaire page Wholesale;introuvable;introuvable — proxy détail Montecristi grade 9-10 sur site;introuvable;introuvable;Personnalisation proposée dans le programme wholesale (« customization options »);"https://www.gamboafashion.com/pages/wholesale ; https://www.gamboafashion.com/blogs/blog/panama-hats-wholesale-elevate-your-business-discover-quality-with-gamboa-fashion (consultés 2026-10-02)";">20 ans d'expérience, vend dans >70 pays ; e-commerçant autant que grossiste"
