id;produit;pays;part_production_mondiale;source_part;justification;prix_usine_eur;source_prix_usine;prix_detail_FR_TTC;source_prix_detail;poids_kg;moq_typique;c1_marge;c2_panier;c3_cout_rendu;c4_colis;c5_regime;c6_moq;c7_marche;verdict;motif
B01;Kimono / peignoir coton imprimé au bloc (hand block print);Inde (Jaipur/Sanganer);"Donnée mondiale introuvable ; proxy : Sanganer = IG (indication géographique) 2010, 315+ unités et 1 800-3 000 artisans";"https://www.origin-gi.com/wp-content/uploads/2017/01/102-sanganeri-hand-block-printing.pdf ; consulté 2026-10-02 (extrait moteur de recherche ; page non chargeable via proxy)";"Savoir-faire unique (blocs bois sculptés, IG Sanganeri) ; écosystème complet tissu-impression-confection à Jaipur";"7,50 € (₹750/pièce kimono long ; ₹550 version courte) — ESTIMATION taux : 1 € = 100 INR ; 1 USD = 0,86 € ; 1 € = 350 LKR";"https://www.indiamart.com/proddetail/block-printed-kimono-robe-22059597133.html ; https://www.indiamart.com/proddetail/cotton-kimono-robe-short-hand-block-printed-bathrobe-22059638833.html ; consulté 2026-10-02 (extrait moteur de recherche ; page non chargeable via proxy)";83,33 € (prix plein Jamini Design, kimono coton imprimé main en Inde);"https://www.jaminidesign.com/en/206-kimonos ; consulté 2026-10-02 (extrait moteur de recherche ; page non chargeable via proxy)";0,35 (ESTIMATION : yukata coton 300-500 g, kimono voile plus léger);"50 pièces (Bandasar Craft House, Jaipur) ; https://www.bandasarcrafthouse.com/kimono-robe.html";"OK : rendu 10,13 € (7,50×1,35 ESTIMATION) ; HT 69,44 € ; marge 85 %";OK : 83 € TTC;OK : 12 % du TTC;OK : ~0,35 kg, textile non fragile;OK : textile (vérifier azoïques REACH);OK : 50 pcs/réf.;"? : concurrence Etsy 19-63 $ et marques FR (Jamini) ; place premium via design/coupe";RETENU;"Marges fortes, MOQ bas, colis léger ; différenciation par motifs exclusifs"
B02;Gants cuir d'agneau doublés (soie/laine) femme-homme;Pakistan (Sialkot);"« plus de 60 % des gants sport et cuir mondiaux » (affirmation fabricant, NON vérifiée) ; proxy officiel : 22,67 M paires exportées S1 2025 (64,12 M$)";"https://galaxymotowears.com/leather-gloves-sialkot-pakistan/ ; https://en.nbd.ltd/news/d/16385d870a1b333eded1a1c1b8b5f1ec ; https://tdap.gov.pk/wp-content/uploads/2022/05/Gloves-report.pdf ; consulté 2026-10-02 (extrait moteur de recherche ; page non chargeable via proxy)";"Pôle mondial du gant (tanneries + coupe + couture) ; savoir-faire gants habillés";"7,31 € (5,50-8,50 $/paire, haut de fourchette retenu) — ESTIMATION taux : 1 € = 100 INR ; 1 USD = 0,86 € ; 1 € = 350 LKR";"https://www.alibaba.com/showroom/small-ladies-leather-gloves.html ; https://www.alibaba.com/countrysearch/PK/leather-gloves-sialkot.html ; consulté 2026-10-02 (extrait moteur de recherche ; page non chargeable via proxy)";"79 € (1000 Gants modèle Pérouse, agneau doublé soie) ; repères 74,90 € Isotoner, 99 € 1000 Gants Bayonne";"https://www.1000gants.com/boutique/produit/bayonne/ ; https://www.isotoner.fr/products/gants-cuir-femme-5 ; consulté 2026-10-02 (extrait moteur de recherche ; page non chargeable via proxy)";0,10 (ESTIMATION paire + emballage);100 paires (Alibaba, Sialkot) — attention : par réf. × tailles;"OK : rendu 9,87 € ; HT 65,83 € ; marge 85 %";OK : 79 € TTC;OK : 12,5 %;OK : ~0,1 kg;OK : cuir (contrôle chrome VI REACH);OK : 100 paires (mais 5-6 tailles);"? : Isotoner (masse) et Fabre/Causse (luxe) ; créneau DTC milieu-haut ouvert ; produit saisonnier";RETENU;"Excellent ratio prix/poids ; saisonnalité oct.-fév. et grille tailles à gérer"
B03;Porte-cartes / petite maroquinerie cuir pleine fleur;Inde (Kolkata, Kanpur);"Inde ≈ 13 % de la production mondiale de cuir ; Kolkata ≈ 60 % des articles de maroquinerie indiens";"https://leatherindia.org/indian-leather-industry/ ; https://unacademy.com/content/railway-exam/study-material/general-awareness/major-leather-production-centres-located-in-india/ ; consulté 2026-10-02 (extrait moteur de recherche ; page non chargeable via proxy)";Grande base cuir/tannerie, coûts de main-d'œuvre bas;"6,50 € (₹200-650/pièce, haut de fourchette retenu) — ESTIMATION taux : 1 € = 100 INR ; 1 USD = 0,86 € ; 1 € = 350 LKR";"https://dir.indiamart.com/kolkata/leather-card-holders.html ; https://www.indiamart.com/adel-international-mumbai/leather-card-holders.html ; consulté 2026-10-02 (extrait moteur de recherche ; page non chargeable via proxy)";45 € (Loom, porte-cartes cuir pleine fleur);"https://www.loom.fr/fr-fr/products/le-porte-cartes ; consulté 2026-10-02 (extrait moteur de recherche ; page non chargeable via proxy)";0,05 (ESTIMATION);ESTIMATION 100-300 pièces (usage IndiaMART, non vérifié);"OK : rendu 8,78 € ; HT 37,50 € ; marge 77 %";OK (limite) : 45 €;OK : 19,5 %;OK;OK;? : non confirmé;"KO : marché saturé (Loom, Faméthic, ateliers made in France) ; origine Inde = handicap de positionnement";ÉLIMINÉ;Marché saturé, prime au made in France
B04;Carnet / journal cuir à papier artisanal (deckle edge);Inde (Jaipur/Sanganer);"Donnée mondiale introuvable ; proxy : Sanganer = pôle historique du papier fait main";"https://www.outlooktraveller.com/destinations/india/sanganer-block-printing-and-paper-making-hub-rajasthan ; consulté 2026-10-02 (extrait moteur de recherche ; page non chargeable via proxy)";Papier chiffon de coton fait main + reliure cuir sur place;"4,50 € (₹450, M.S. Hilal 20×15 cm ; fourchette ₹320-699) — ESTIMATION taux : 1 € = 100 INR ; 1 USD = 0,86 € ; 1 € = 350 LKR";"https://www.indiamart.com/mshilalinternational/handmade-diaries.html ; https://www.indiamart.com/proddetail/leather-vintage-handmade-journal-diary-with-lock-2849040241148.html ; consulté 2026-10-02 (extrait moteur de recherche ; page non chargeable via proxy)";"69,90 € (Mediefan carnet cuir artisanal) ; repère bas 38 € (Atelier de la Forêt)";"https://www.mediefan.com/products/carnet-cuir-artisanal ; https://www.atelier-de-la-foret.fr/carnets/107-carnets10x15cm.html ; consulté 2026-10-02 (extrait moteur de recherche ; page non chargeable via proxy)";0,40 (ESTIMATION);ESTIMATION 50-100 pièces (non vérifié);"OK : rendu 6,08 € ; HT 58,25 € ; marge 90 %";OK : 69,90 € (38 € au bas de marché = KO);OK : 8,7 %;OK;OK;? : non confirmé;"? : modèle « vintage » très présent sur Etsy à bas prix ; premium seulement avec design propre";RETENU;"Marges très élevées ; risque de banalisation : design exclusif obligatoire"
B05;Foulard / étole soie ikat tissée main;Ouzbékistan (Margilan);"3e producteur mondial de soie (après Chine et Inde) ; ≈ 3 % des cocons (2018)";"https://www.worldatlas.com/articles/world-leaders-in-silk-production.html ; https://www.globaltrademag.com/silk-worm-cocoons-market-in-asia-key-insights/ ; consulté 2026-10-02 (extrait moteur de recherche ; page non chargeable via proxy)";Technique ikat (abr-band) spécifique à Margilan, usine Yodgorlik;"21,50 € (≈25 $ foulard boutique usine Yodgorlik ; bazar 7-10 $ hors ikat authentique) — prix de gros introuvable, proxy détail local ; ESTIMATION taux : 1 € = 100 INR ; 1 USD = 0,86 € ; 1 € = 350 LKR";"https://www.tripadvisor.com/ShowUserReviews-g815343-d7708874-r295267559-Yodgorlik_Silk_Factory-Margilan_Fergana_Province.html ; https://www.eva-darling.com/shopping-in-uzbekistan/ ; consulté 2026-10-02 (extrait moteur de recherche ; page non chargeable via proxy)";"Prix FR premium introuvable ; proxy 94,31 $ (≈81 €) Hoonarts (e-shop US) ; Etsy 27-31 €";"https://www.hoonarts.com/collections/uzbek-handwoven-silk-scarves ; consulté 2026-10-02 (extrait moteur de recherche ; page non chargeable via proxy)";0,10 (ESTIMATION);"Introuvable ; ESTIMATION 20-100 pièces (ateliers artisanaux)";"OK : rendu 29,03 € ; HT 67,50 € (proxy 81 €) ; marge 57 % → KO";OK si ≥ 81 €;KO : 36 % du TTC proxy;OK;OK;?;"? : niche ; peu d'acteurs FR";ÉLIMINÉ;"Coût d'achat ikat authentique trop haut vs prix constaté ; à requalifier si devis grossiste < 15 €"
B06;Housse de coussin suzani brodée main;Ouzbékistan (Boukhara);"Donnée mondiale introuvable (artisanat d'origine, Ouzbékistan = foyer historique du suzani) ; proxy : 3e producteur mondial de soie";"https://www.worldatlas.com/articles/world-leaders-in-silk-production.html ; consulté 2026-10-02 (extrait moteur de recherche ; page non chargeable via proxy)";Broderie suzani traditionnelle, coûts locaux très bas;"8,60 € (bazar Boukhara 60 000-125 000 som ≈ 5-10 $, coton) — proxy détail local, prix de gros introuvable ; ESTIMATION taux : 1 € = 100 INR ; 1 USD = 0,86 € ; 1 € = 350 LKR";"https://wanderingwheatleys.com/uzbekistan-shopping-souvenirs-what-to-buy/ ; https://www.eva-darling.com/shopping-in-uzbekistan/ ; consulté 2026-10-02 (extrait moteur de recherche ; page non chargeable via proxy)";"52 € (Casa Nomade, suzani brodé main soie) ; haut 124 € (Authentic Bazar)";"https://www.casanomade.fr/housses-de-coussin/209-housses-de-coussin-housse-de-coussin-suzani-vintage-brode-a-la-main-fleurs.html ; https://www.authentic-bazar.com/produit/la-maison/les-createurs/tensira/housse-de-coussin-suzani-boukhara/ ; consulté 2026-10-02 (extrait moteur de recherche ; page non chargeable via proxy)";0,30 (ESTIMATION);ESTIMATION 20-50 (pièces artisanales, réassort irrégulier);"OK : rendu 11,61 € ; HT 43,33 € ; marge 73 %";OK : 52 €;? : 22 % (KO si achat > 9,60 €);OK;OK;? : non vérifié;? : niche déco ethnique, pas d'acteur dominant;RETENU;Sous réserve devis grossiste ≤ 9,60 € et qualité constante
B07;Chaussons en feutre de laine (semelle cuir);Kirghizistan;"Donnée mondiale introuvable ; proxy : feutre kirghize (shyrdak) reconnu UNESCO, ateliers Tumar/Kyrgies";"https://www.visitkyrgyzstan.org/souvenirs/ ; consulté 2026-10-02 (extrait moteur de recherche ; page non chargeable via proxy)";Laine locale + feutrage traditionnel, ateliers éthiques exportant déjà en UE;"10,32 € (≈12 $/paire petite usine kirghize ; 2-14 $ dès 300 paires) — ESTIMATION taux : 1 € = 100 INR ; 1 USD = 0,86 € ; 1 € = 350 LKR";"https://blog.quiltedtwins.com/new-blog/2019/october/krygyz-slippers ; https://www.alibaba.com/showroom/felt-slippers-kyrgyzstan.html ; consulté 2026-10-02 (extrait moteur de recherche ; page non chargeable via proxy)";"64,90 € (WoolFit, boutique-chaussons.fr) ; 55 € Kashgar Artisanat";"https://www.boutique-chaussons.fr/chaussons-feutre.html ; https://kashgarartisanat.com/produit/chaussons-en-laine-merinos/ ; consulté 2026-10-02 (extrait moteur de recherche ; page non chargeable via proxy)";0,40 (ESTIMATION paire);"300 paires (offre usine Alibaba) ; ateliers artisanaux probablement moins";"OK : rendu 13,93 € ; HT 54,08 € ; marge 74 % (KO si prix < 56 €)";OK : 64,90 €;OK : 21,5 %;OK;OK;OK : ≤ 300;"? : Kyrgies (US), WoolFit, Baabuk ; peu présent en FR premium";RETENU;"Histoire forte, colis léger ; prix de vente ≥ 59 € nécessaire"
B08;Cannelle de Ceylan (bâtons Alba);Sri Lanka;"≈ 80-90 % de la cannelle de Ceylan mondiale ; 79,9 % des exportations mondiales de cannelle 2024";"https://www.srilankabusiness.com/spices/about/cinnamon-cultivation-sri-lanka.html ; consulté 2026-10-02 (extrait moteur de recherche ; page non chargeable via proxy)";Quasi-monopole sur Cinnamomum verum;"21,40 €/kg prix bord-champ Alba (Rs 7 500/kg, juil. 2026) soit 2,14 €/100 g — prix export supérieur non trouvé ; ESTIMATION taux : 1 € = 100 INR ; 1 USD = 0,86 € ; 1 € = 350 LKR";"https://www.dailymirror.lk/breaking-news/Sri-Lanka-targets-US-300mn-in-cinnamon-exports-as-Alba-price-hits-record-Rs-7-500/108-346480 ; consulté 2026-10-02 (extrait moteur de recherche ; page non chargeable via proxy)";14,21 € / 100 g (KHLA bio);"https://www.epices-khla.com/cannelle-baton/cannelle-de-ceylan-biologique-en-baton-100g.html ; consulté 2026-10-02 (extrait moteur de recherche ; page non chargeable via proxy)";0,10;Lots d'essai 10 kg (exportateurs);"OK : rendu 2,89 € ; HT 11,84 € ; marge 76 %";KO : 14 € l'unité, panier 40 € irréaliste;OK : 20 %;OK (DLUO épice sèche longue);OK : alimentaire simple;OK;KO : épicerie fine saturée, commodité;ÉLIMINÉ;Panier trop bas, marché banalisé
B09;Thé Darjeeling first flush grand cru;Inde;"Inde ≈ 20,7 % du thé mondial ; Darjeeling IG ≈ 1 % de la production indienne";"https://www.historyofceylontea.com/ceylon-publications/ceylon-tea-articles/international-tea-day-2025-top-10-largest-tea-producing-countries-in-the-world-know-where-india-ranks.html ; consulté 2026-10-02 (extrait moteur de recherche ; page non chargeable via proxy)";Terroir IG non reproductible;"4,50 €/100 g (moyenne first flush ₹4 500/kg, enchères Kolkata) — ESTIMATION taux : 1 € = 100 INR ; 1 USD = 0,86 € ; 1 € = 350 LKR";"https://www.tconews.in/blog/news-2/darjeeling-tea-hits-stratospheric-highs-record-5000kg-fetch-at-kolkata-auction-amid-global-crunch-374 ; consulté 2026-10-02 (extrait moteur de recherche ; page non chargeable via proxy)";32 € / 100 g (Palais des Thés, Sungma FTGFOP1);"https://www.palaisdesthes.com/en/grands-crus/first-flush/darjeeling/ ; consulté 2026-10-02 (extrait moteur de recherche ; page non chargeable via proxy)";0,15 (boîte 100 g);ESTIMATION 10-50 kg par lot (non vérifié);"OK : rendu 6,08 € ; HT 26,67 € (formule brief ; TVA réelle 5,5 %) ; marge 77 %";? : 32 €/boîte, panier 40 € via 2 boîtes;OK : 19 %;OK (DLUO 2-3 ans);OK : alimentaire simple;OK;KO : Palais des Thés, Mariage Frères, Dammann, Kusmi + nombreux spécialistes;ÉLIMINÉ;Marché premium verrouillé par maisons établies
B10;Châle laine de yak (hors cachemire);Népal;Donnée mondiale introuvable;Introuvable;Laine himalayenne, tissage main à Katmandou;"5,76 € (6,70 $ yak/coton ; yak pur dès 4,50 $) — ESTIMATION taux : 1 € = 100 INR ; 1 USD = 0,86 € ; 1 € = 350 LKR";"https://www.nepalpashminashawl.com/product/himalayan-yak-wool-and-cotton-mix-printed-shawl/ ; https://handicraftsinnepal.com/shawl/ ; consulté 2026-10-02 (extrait moteur de recherche ; page non chargeable via proxy)";"39,90 € (Free-Bouddha grand châle 100×200) ; 35 € Namaste Boutique";"https://www.free-bouddha.fr/grand-ch%C3%A2le-n%C3%A9palais-100-x-200-cm/24526-grand-ch%C3%A2le-laine-de-yak-rouge-et-bleu-100-x-200-cm.html ; consulté 2026-10-02 (extrait moteur de recherche ; page non chargeable via proxy)";0,30 (ESTIMATION);Introuvable;"OK : rendu 7,78 € ; HT 33,25 € ; marge 77 %";KO : prix constaté < 40 €;OK : 19,5 %;OK;OK;?;"KO : positionnement boutique ésotérique bas prix ; risque d'authenticité (mélanges)";ÉLIMINÉ;Prix de marché < 40 €, crédibilité « yak » faible
B11;Cabas en jute premium;Bangladesh;"Inde + Bangladesh ≈ 93 % de la production mondiale de jute (2018) ; Bangladesh ≈ 42 % (2021)";"https://en.wikipedia.org/wiki/Jute_cultivation ; https://en.wikipedia.org/wiki/Jute_industry_in_Bangladesh ; consulté 2026-10-02 (extrait moteur de recherche ; page non chargeable via proxy)";Matière première et filière complète;"3,44 € (1,50-4,00 $ cabas premium, MOQ 300) — ESTIMATION taux : 1 € = 100 INR ; 1 USD = 0,86 € ; 1 € = 350 LKR";"https://www.alibaba.com/showroom/jute-bags-export-from-bangladesh.html ; consulté 2026-10-02 (extrait moteur de recherche ; page non chargeable via proxy)";"49,17 € (Grenouille Rouge, jute + cuir, fabriqué en France) ; courant 24-38 €";"https://grenouillerouge.com/cabas-en-jute/241-vive-la-france.html ; https://toileschics.com/categorie-produit/sac-cabas-jute/ ; consulté 2026-10-02 (extrait moteur de recherche ; page non chargeable via proxy)";0,40 (ESTIMATION);300 à 5 000 pièces;"OK : rendu 4,64 € ; HT 40,98 € ; marge 89 %";? : la plupart des cabas jute < 40 €;OK : 9 %;OK;OK;? : 300 possible, souvent 1 000+;KO : produit perçu promotionnel, très concurrentiel;ÉLIMINÉ;Perception bas de gamme, MOQ souvent > 500
B12;Couteau de cuisine lame damas;Pakistan (Wazirabad);"« 95 % des besoins mondiaux en damas de qualité » (affirmation non vérifiée) ; Wazirabad ≈ 70 % des exportations pakistanaises de coutellerie";"https://greenhillsknives.com/2026/03/10/wazirabad-pakistan-knife-capital/ ; https://www.listcompany.org/Wazirabad_Near_Pakistan.html ; consulté 2026-10-02 (extrait moteur de recherche ; page non chargeable via proxy)";Pôle coutelier historique, forge damas;"12,38 € (14,40 $ chef damas) — ESTIMATION taux : 1 € = 100 INR ; 1 USD = 0,86 € ; 1 € = 350 LKR";"https://pakistantradeportal.gov.pk/product/premium-quality-damascus-chef-knife-new-kitchen-knives-damascus-steel-kitchen-chef-knife-805 ; consulté 2026-10-02 (extrait moteur de recherche ; page non chargeable via proxy)";120,90 € (Atelier Damas, kiritsuke);"https://atelier-damas.com/collections/couteaux-de-cuisine ; consulté 2026-10-02 (extrait moteur de recherche ; page non chargeable via proxy)";0,30 (ESTIMATION avec étui);2-20 pièces;"OK : rendu 16,72 € ; HT 100,75 € ; marge 83 %";OK;OK : 14 %;OK : non fragile;? : contact alimentaire (règl. 1935/2004) + restrictions pub Meta sur les lames;OK;KO : saturé de damas pakistanais bas de gamme (réputation), concurrence japonaise;ÉLIMINÉ;Réputation qualité et régime publicitaire défavorables
B13;Résine d'oliban Hojari (encens);Oman (Dhofar);Introuvable pour Oman seul (proxy : Boswellia sacra endémique Dhofar);"https://www.wipo.int/pressroom/en/stories/oman-2023-frankincense.html ; consulté 2026-10-02 (extrait moteur de recherche ; page non chargeable via proxy)";Origine unique de l'oliban Hojari;Introuvable (aucun prix de gros attribuable à une source vérifiable);Introuvable;Introuvable;Introuvable;0,10;Introuvable;?;?;?;OK;KO : proche du bakhoor/encens déjà écarté (univers parfum);?;? : niche;ÉLIMINÉ;"Catégorie proche d'une exclusion du fondateur ; données de prix manquantes"
B14;Ballon de football cuir cousu main (vintage/déco);Pakistan (Sialkot);≈ 70 % des ballons cousus main mondiaux;"https://www.tbsnews.net/sports/how-pakistans-sialkot-powers-70-worlds-football-production-1456891 ; consulté 2026-10-02 (extrait moteur de recherche ; page non chargeable via proxy)";Pôle mondial du ballon cousu main;"14,91 € (16,78-17,34 $ cuir vintage) — ESTIMATION taux : 1 € = 100 INR ; 1 USD = 0,86 € ; 1 € = 350 LKR";"https://sialkotshop.com/vintage-leather-footballs-gs039 ; consulté 2026-10-02 (extrait moteur de recherche ; page non chargeable via proxy)";Introuvable (recherche non aboutie);Introuvable;0,45 (ESTIMATION);Introuvable;?;?;?;OK;OK;?;"KO : Adidas/Nike dominants ; niche vintage étroite";ÉLIMINÉ;"Marché verrouillé par grandes marques ; prix détail FR non sourcé"
