id;produit;pays;part_production_mondiale;source_part;justification;prix_usine_eur;source_prix_usine;prix_detail_FR_TTC;source_prix_detail;poids_kg;moq_typique;c1_marge;c2_panier;c3_cout_rendu;c4_colis;c5_regime;c6_moq;c7_marche;verdict;motif
A01;Taie d'oreiller soie de mûrier 22 mommes (50x70/65x65);Chine;"≈75-80 % de la soie mondiale (mûrier) ; Chine+Inde >80 % (FAO cité)";"https://snsilk.com/top-silk-producing-countries/ ; https://en.wikipedia.org/wiki/Silk_industry_in_China (consulté 2026-10-02)";"Filière soie de Hangzhou/Suzhou, grade 6A OEKO-TEX disponible en petites séries ; écart prix usine/détail très élevé";"11,30 € (12,99 USD pour 2-499 pcs ; 9,89 USD 500-999) (USD→EUR 0,87 = ESTIMATION taux)";"https://www.alibaba.com/wholesale/silk-pillowcase-mulberry.html ; https://www.alibaba.com/showroom/silk-pillowcases.html (consulté 2026-10-02 ; extrait moteur, page non ouverte : proxy bloqué)";65,00 € (Greige, 22 mommes);https://www.greige.fr/products/taie-doreiller-en-soie (consulté 2026-10-02);0,15 (ESTIMATION poids taie soie 22 mm + emballage);"2 à 50 pcs (Alibaba) ; logo/packaging perso souvent 100+";OK marge 72% (HT 54.17€ - CR 15.26€);"OK 65 € TTC l'unité ; lot de 2 ≈ 130 €";OK CR 15.26€ = 23.5% du TTC 65.00€;OK ≈0,15 kg, textile non fragile non périssable;OK textile maison, hors exclusions;OK MOQ 2-50;"? Marché FR fragmenté (Greige, Quête de Soie, Anne de Solène 90 €, Ma Taie d'Oreiller) : pas de leader dominant mais concurrence dense ; différenciation par momme 25/30 ou coloris";RETENU;"Tous critères chiffrés OK ; risque = densité concurrentielle (c7 ?)"
A02;Carré de soie twill 90x90 imprimé (design propre);Chine;≈75-80 % de la soie mondiale;https://snsilk.com/top-silk-producing-countries/ (consulté 2026-10-02);"Hangzhou = capitale de l'impression numérique sur twill de soie ; ourlet roulotté main ; séries courtes";21,75 € (haut de fourchette 10-25 USD, MOQ 10) (USD→EUR 0,87 = ESTIMATION taux);"https://silkshowing.en.made-in-china.com/product/JEdrzLgCbSWq/China-Custom-100-Pure-Mulberry-Beautiful-Silk-Scarf-with-Digital-Print.html (consulté 2026-10-02 ; extrait moteur)";"138,00 € (Anacoe, twill 90x90) ; Malfroy 230 € ; Léonard 320 €";"https://www.anacoe.fr/accessoires-pour-femme/95-carre-de-soie-modele-voile-90-cm-par-90-cm-en-twill-14-100-soie-tisse-imprime-et-confectionne-en-france.html ; https://www.shop.malfroy.com/products/carre-de-soie-90-soleil-en-mer-de-l-artiste-thuy-jaune (consulté 2026-10-02)";0,08 (ESTIMATION carré 14 mm + boîte);"10 pcs (made-in-china) ; 50 pcs/design pour impression perso (extrait recherche)";OK marge 74% (HT 115.00€ - CR 29.36€);OK 138 € TTC;OK CR 29.36€ = 21.3% du TTC 138.00€;OK <0,1 kg, non fragile;OK accessoire mode;OK 10-50/design;"? Hermès = référence absolue mais segment créateurs 100-200 € fragmenté ; concurrence des carrés « made in France » (Anacoe, Malfroy)";RETENU;"Marge très forte ; enjeu = direction artistique ; prix comparés à des carrés fabriqués en France (argument origine moins fort)"
A03;Écharpe 100 % cachemire de Mongolie (tissée);Mongolie / Mongolie-Intérieure (Chine);≈40 % du cachemire brut mondial (Mongolie);https://www.undp.org/mongolia/blog/cashmere-initiatives-working-together-improve-value-chain (consulté 2026-10-02);"Origine fibre de référence ; ateliers d'Oulan-Bator et de Mongolie-Intérieure ; traçabilité possible (SFA)";23,40 € (22,90-26,90 USD, MOQ 10, Mongolie-Intérieure) (USD→EUR 0,87 = ESTIMATION taux);"https://www.alibaba.com/showroom/mongolia-cashmere-scarf.html (consulté 2026-10-02 ; extrait moteur)";"129,90 € (haut de gamme Fibres des Steppes ; gamme 69,90-129,90 €) ; Saranguerel grande écharpe 228 €";"https://fibresdessteppes.fr/collections/cachemire/ ; https://saranguerel.com/ (consulté 2026-10-02)";0,20 (ESTIMATION écharpe tissée ~180 g);"10 pcs (Alibaba) ; usines mongoles souvent 50-100 (non vérifié)";OK marge 71% (HT 108.25€ - CR 31.59€);OK ≥69,90 €;OK CR 31.59€ = 24.3% du TTC 129.90€;OK ≈0,2 kg;OK textile;OK MOQ 10;"? Marché cachemire FR dense (Eric Bompard, nombreuses marques DTC) ; niche « Mongolie tracée » occupée par Saranguerel, Artisans Mongols, Fibres des Steppes";RETENU;"c3 OK seulement à ≥120 € TTC (à 79 € : KO) ; prix usine = Mongolie-Intérieure, à re-sourcer en Mongolie ; c7 ?"
A04;Écharpe en duvet de yak;Chine (plateau tibétain) / Mongolie;"Chine ≈85 % de la laine de yak mondiale ; Mongolie+Asie centrale ≈15 %";https://en.wikipedia.org/wiki/Yak_fiber (consulté 2026-10-02);"Fibre rare, douceur proche cachemire, récit « alternative durable au cachemire » ; peu de marques FR";21,75 € (écharpe yak épaisse 21-25 USD, MOQ 1) (USD→EUR 0,87 = ESTIMATION taux);"https://www.alibaba.com/showroom/yak-wool-scarf.html (consulté 2026-10-02 ; extrait moteur)";"135,00 € (Les Sublimes, Solveig duvet de yak) ; Sentou 85 €";"https://www.les-sublimes.com/products/echarpe-solveig ; https://sentou.fr/en/product-2/echarpe-laine-yak/ (consulté 2026-10-02)";0,20 (ESTIMATION);"1-3 pcs (Alibaba) ; 100-150 standard tricot laine (guide Alibaba)";OK marge 74% (HT 112.50€ - CR 29.36€);OK 85-135 €;OK CR 29.36€ = 21.8% du TTC 135.00€;OK;OK textile;OK;OK niche peu occupée en FR (quelques références : Les Sublimes, Sentou, Artisans Mongols);RETENU;"Positionnement premium ≥120 € indispensable (à 85 € : CR 34 % → KO c3) ; vérifier pureté (% yak) sur échantillon"
A05;Couteau de chef gyuto forgé de Seki;Japon;Seki ≈50 % de la production japonaise de couteaux (part mondiale introuvable);https://centrip-japan.com/article/1515.html (consulté 2026-10-02);"Savoir-faire coutelier (acier VG10/damas) ; fabricants OEM à Seki acceptant logo";"21,45 € (proxy : gyuto Seki Magoroku 24,66 USD MOQ 30 ; OEM molybdène logo 12,94-17,63 USD MOQ 6) (USD→EUR 0,87 = ESTIMATION taux)";"https://www.alibaba.com/showroom/japan-sekis.html (consulté 2026-10-02 ; extrait moteur ; prix d'un gyuto forgé haut de gamme en OEM introuvable)";139,00 € (Atma Kitchenware, gyuto forgé à Seki);https://atmakitchenware.fr/products/le-gyuto (consulté 2026-10-02);0,35 (ESTIMATION couteau 21 cm + étui/boîte);6-50 pcs selon fournisseur;OK marge 75% (HT 115.83€ - CR 28.96€);OK 139 €;OK CR 28.96€ = 20.8% du TTC 139.00€;OK ≈0,35 kg, non fragile (étui requis);"? Pas exclu ; vérifier politique publicitaire Meta/Google sur couteaux et règles d'envoi lames";OK;"? Marché FR occupé par Kai/Shun et nombreux e-shops (Mygoodknife, Japanese Knife Company, Atma DTC) ; place premium existe";RETENU;"Chiffres OK mais prix usine = proxy de gamme moyenne vs détail forgé ; devis OEM forgé indispensable ; c5/c7 ?"
A06;Matcha cérémonial d'Uji (boîte 30 g);Japon;"Japon ≈40 % du matcha mondial (Chine ≈60 % en 2025) ; tencha JP 5 336 t en 2024";"https://best-matcha.com/knowledge/industry-insights/beyond-japan-global-matcha-production-and-quality-differences ; https://maisonkoko.com/blogs/blog/matcha-shortage-2026 (consulté 2026-10-02)";Origine de référence mais pénurie 2025-26 et flambée des prix;"8,35 € pour 30 g (Uji cérémonial 180-320 USD/kg à MOQ 1 kg ; haut de fourchette) (USD→EUR 0,87 = ESTIMATION taux)";https://first-agri.jp/matcha/columns/understanding-matcha-pricing (consulté 2026-10-02);34,00 € (Anatae, matcha cérémonie bio 30 g);https://anatae.fr/products/matcha-ceremonie (consulté 2026-10-02);0,06 (ESTIMATION boîte 30 g);"1 kg vrac (≈33 boîtes) ; marque blanche variable";KO marge 60% (HT 28.33€ - CR 11.28€);KO 34 € < 40 € (sauf lot);KO CR 11.28€ = 33.2% du TTC 34.00€;? DLUO matcha fréquemment ~12 mois (non sourcé) → risque <18 mois;OK alimentaire simple;OK;KO marché saturé (Palais des Thés, Nature & Découvertes, multiples DTC) et approvisionnement tendu;ÉLIMINÉ;c1 KO, c2 KO, c3 KO, c7 KO
A07;Coffret 3 poivres de Kampot IGP (noir/rouge/blanc 3x120 g);Cambodge;"Kampot ≈70-100 t/an, part mondiale négligeable (Vietnam ≈150 000 t = 34 %) ; avantage = IGP, pas le volume";https://en.wikipedia.org/wiki/Kampot_pepper (consulté 2026-10-02);"IGP reconnue, prix producteurs fixés par l'association (KPPA) ; produit gourmet à forte notoriété FR";"7,10 € pour 360 g (prix KPPA 15/25/28 USD/kg noir/rouge/blanc) (USD→EUR 0,87 = ESTIMATION taux) ; emballage premium NON inclus";https://www.fao.org/one-country-one-priority-product/asia-pacific/good-practices/detail/cambodia-s-kampot-pepper/en (consulté 2026-10-02);52,12 € (coffret 3 poivres KHLA 3x120 g);"https://www.epices-khla.com/ (consulté 2026-10-02 ; fiche exacte non récupérée, extrait moteur)";0,45 (ESTIMATION 360 g + boîte);"introuvable ; proxy : vente au kg par producteurs (KPPA)";OK marge 78% (HT 43.43€ - CR 9.58€);OK 52 €;OK CR 9.58€ = 18.4% du TTC 52.12€;"? DLUO poivre en grains généralement ≥2 ans (non sourcé, à confirmer) ; non fragile";OK alimentaire simple (gain chiffré : marge >75 %);OK (achat au kg);? Fragmenté mais nombreux acteurs (Lippée, KHLA, Eric Bur, Max Daumin, Cavya, Comptoir de Toamasina);RETENU;"Marges OK même avec +3-4 € d'emballage ; saisonnalité cadeau ; c7 à creuser"
A08;Sac rond en rotin de Bali (ata/rotin, bandoulière cuir);Indonésie;"≈80 % du rotin mondial ; 42,2 % des exportations mondiales de rotin transformé";"https://en.tempo.co/read/1896254/indonesia-is-worlds-largest-exports-of-processed-rattan-industry-ministry ; https://www.indonesiarattanfurniture.com/2018/04/25/indonesia-the-worlds-biggest-rattan-producer/ (consulté 2026-10-02)";Matière première et artisans à Bali/Lombok;"13,05 € (8-15 USD ex-usine qualité moyenne ; haut de fourchette) (USD→EUR 0,87 = ESTIMATION taux)";"https://apparel.alibaba.com/product/rattan-bag-indonesia (consulté 2026-10-02 ; extrait moteur)";"69,90 € (haut de gamme Sac Balinais ; gamme 39,90-69,90 €)";https://sacbalinais.fr/ (consulté 2026-10-02);0,45 (ESTIMATION);1-100 pcs;OK marge 70% (HT 58.25€ - CR 17.62€);? la plupart des offres FR à 34-49,90 €;KO CR 17.62€ = 25.2% du TTC 69.90€;OK rigide, non fragile;OK;OK;"KO saturé de boutiques (SacBali, Sac Balinais, Myroundbag, Etsy) à 30-50 € ; pas de place premium claire";ÉLIMINÉ;c3 KO (25,2 % au prix le plus haut constaté), c7 KO
A09;Cabas/sac tissé main en abaca;Philippines;≈85-87 % de l'abaca mondial;"https://tribune.net.ph/2026/05/22/phl-abaca-export-reaches-76961-mtphilfida ; https://naturalfibersinfo.org/?page_id=83 (consulté 2026-10-02)";"Quasi-monopole de la fibre ; coopératives artisanales ; peu connu en FR (différenciant vs rotin/raphia)";"5,22 € (proxy 2-6 USD sacs abaca basiques ; prix d'un sac artisanal premium introuvable) (USD→EUR 0,87 = ESTIMATION taux)";"https://smartbuy.alibaba.com/buyingguides/abaca-bags (consulté 2026-10-02 ; extrait moteur)";"91,42 € (cabas abaca tissé main, Etsy FR) ; Aranaz Nona 280 €";"https://www.etsy.com/fr/market/abaca_bags ; https://toulouseboutiques.com/Toulouse/maroquinerie-toulouse/maroquinerie-femme-toulouse/sac-a-main-toulouse/sac-seau-avec-coquillages-nona-aranaz/ (consulté 2026-10-02)";0,40 (ESTIMATION);100-500 pcs pour modèles perso (guide Alibaba);OK marge 91% (HT 76.18€ - CR 7.05€);OK;OK CR 7.05€ = 7.7% du TTC 91.42€;OK souple, non fragile;OK;? 100-500 : limite budget;OK peu d'acteurs en FR (Aranaz très haut de gamme, Etsy);RETENU;"Calcul sur proxy bas de gamme → c1/c3 à reconfirmer avec devis artisanal (marge de sécurité large : CR 7,7 % du TTC) ; MOQ à négocier"
A10;Collier perle d'eau douce et argent 925;Chine (Zhuji);"Chine ≈75-95 % des perles d'eau douce mondiales ; Zhuji ≈73 % du monde (2024)";"https://en.wikipedia.org/wiki/Pearl_farming_industry_in_China ; https://www.robertwan.com/blog/pearl-industry-an-introduction (consulté 2026-10-02)";"Zhuji = hub mondial (culture + montage) ; MOQ très bas ; marge bijou";12,44 € (ensemble perle 8 mm argent 925, 14-14,30 USD) (USD→EUR 0,87 = ESTIMATION taux);"https://pearlworld.en.alibaba.com/ (consulté 2026-10-02 ; Zhuji Feirun, extrait moteur)";"86,00 € (Isaure, perles d'eau douce + argent 925) ; France Perles 56-199 €";"https://isaure-bijoux.com/products/collier-perles-deau-plaque-or-copie ; https://www.france-perles.fr/boutiques/colliers-perles/colliers-perles-deau-douce/ (consulté 2026-10-02)";0,05 (ESTIMATION avec écrin);1-50 pcs;OK marge 77% (HT 71.67€ - CR 16.80€);OK;OK CR 16.80€ = 19.5% du TTC 86.00€;OK léger, non fragile (perle à protéger);OK bijou (vérifier poinçon/garantie argent et REACH nickel);OK;"? Bijou fantaisie/fin très concurrentiel mais sans leader ; place premium via perles grade AAA + design";RETENU;"Meilleur ratio coût/prix ; risque concurrence, contrôle qualité perles"
A11;Tenugui (teinture chusen) / furoshiki;Japon;"introuvable ; proxy : technique chusen propre au Japon (artisanat local)";http://www.melcer.jp/tenugui/c_order/index.html (consulté 2026-10-02);Savoir-faire chusen (Hamamatsu/Osaka), produit authentique;"6,59 € (1 121 JPY/pc pour 92 pcs ; 1 EUR = 170 JPY ESTIMATION)";"https://sarashi-binding.net/customized-tenugui/ ; http://www.melcer.jp/tenugui/c_order/index.html (consulté 2026-10-02 ; extrait moteur)";22,90 € (Moshi Moshi Paris, tenugui made in Japan);https://www.moshimoshiparis.com/collections/tenugui (consulté 2026-10-02);0,05 (ESTIMATION);72-100 pcs (chusen perso);KO marge 53% (HT 19.08€ - CR 8.90€);KO 22,90 € < 40 €;KO CR 8.90€ = 38.9% du TTC 22.90€;OK;OK;OK;? niche, offre déjà présente (Moshi Moshi, Univers du Japon);ÉLIMINÉ;c1 KO, c2 KO, c3 KO
A12;Encens japonais d'Awaji (coffret);Japon;>70 % de l'encens japonais produit à Awaji (part mondiale introuvable);https://www.japanhousela.com/articles/sensory-journeys-in-japan-awaji-island/ (consulté 2026-10-02);"Savoir-faire koh-shi ; produit premium";"7,40 € (proxy : boîte 30 bâtonnets Nippon Kodo 7,41-8,50 USD MOQ 180 ; prix OEM Awaji introuvable) (USD→EUR 0,87 = ESTIMATION taux)";"https://www.alibaba.com/showroom/japanese-incense-sticks.html (consulté 2026-10-02 ; extrait moteur)";35,00 € (coffret Awase 36 bâtonnets + porte-encens, Le Japonais);https://www.lejaponais.fr/produit/444-coffret-encens-awase/ (consulté 2026-10-02);0,15 (ESTIMATION);"180 boîtes (proxy) ; packaging perso 500-3 000 (extrait)";OK marge 66% (HT 29.17€ - CR 9.98€);KO 35 € < 40 €;KO CR 9.98€ = 28.5% du TTC 35.00€;OK;"? produit parfumé d'ambiance proche du bakhoor/parfum écartés par le fondateur ; étiquetage CLP";? 180+;? offre FR existante (Univers du Japon, Daily Japon, ARS);ÉLIMINÉ;c2 KO, c3 KO, c5 ? (proximité exclusion parfum/bakhoor)
A13;Taies d'oreiller en lin lavé (lot de 2);Chine;Chine ≈56 % des exportations mondiales de linge/tissu de lin (export, pas culture);https://www.linenwind.com/blog/Which-country-is-the-largest-producer-of-linen_b6307 (consulté 2026-10-02);Filature/tissage du lin (lin brut importé d'Europe);8,09 € le lot (8,30-9,30 USD/set, MOQ 1 000 sets) (USD→EUR 0,87 = ESTIMATION taux);"https://www.alibaba.com/showroom/linen-pillowcase.html (consulté 2026-10-02 ; extrait moteur)";65,00 € (Greige, lot de 2 lin lavé français);https://www.greige.fr/collections/taies-doreiller-lin-lave-francais (consulté 2026-10-02);0,45 (ESTIMATION lot de 2);1 000 sets;OK marge 80% (HT 54.17€ - CR 10.92€);OK;OK CR 10.92€ = 16.8% du TTC 65.00€;OK;OK;KO MOQ 1 000;KO marché saturé (La Redoute AM.PM, H&M Home, Linvosges, Greige…) et « lin français » valorisé vs lin chinois;ÉLIMINÉ;c6 KO, c7 KO
A14;Serviettes éponge d'Imabari (visage + bain);Japon;Imabari ≈50-60 % de la production japonaise de serviettes (part mondiale négligeable);https://japanobjects.com/features/imabari (consulté 2026-10-02);Label Imabari (absorption certifiée), notoriété « luxe discret »;"introuvable (prix sur devis / inscription) ; proxy : pour c3 OK, CR max = 7,25 € à 29 € TTC";"https://maruyamatowel.co.jp/lp01/en/ (consulté 2026-10-02 ; MOQ 100, prix non publié)";"29,00 € (serviette visage) ; 39 € (bain)";https://utileetordinaire.com/products/serviette-visage-imabari (consulté 2026-10-02);0,6 (ESTIMATION set visage+bain);100 pcs (Maruyama Towel);? prix usine introuvable;OK en set (≈68 €);? prix usine introuvable (CR max admissible 7,25 €);OK si set ≤1 kg;OK;OK 100;OK niche en FR;ÉLIMINÉ;"c1/c3 non démontrables (prix usine introuvable) ; revendeurs FR déjà à 29 € → marge 65 % improbable ; à rouvrir si devis"
A15;Étole en soie thaïe tissée main;Thaïlande;Exportations thaïes ≈0,1 % de la production mondiale de soie (avantage = savoir-faire, pas volume);https://en.wikipedia.org/wiki/Thai_silk (consulté 2026-10-02);Tissage main d'Isan, notoriété Jim Thompson;"14,79 € (étole soie tissée main 5-17 USD, MOQ 50 ; haut de fourchette) (USD→EUR 0,87 = ESTIMATION taux)";"https://www.alibaba.com/showroom/thailand-scarf.html (consulté 2026-10-02 ; extrait moteur)";"89,00 € (étole soie, Princesse Foulard) ; Soieries du Mékong 120 €";"https://www.princessefoulard.com/blog/tissu/soie/la-soie-thailandaise/ ; https://soieriesdumekong.com/products/etole-unie-en-soie-noire-hom (consulté 2026-10-02)";0,15 (ESTIMATION);50 pcs;OK marge 73% (HT 74.17€ - CR 19.97€);OK;OK CR 19.97€ = 22.4% du TTC 89.00€;OK;OK;OK;OK niche (Soieries du Mékong, boutiques ethniques);RETENU;"Prix usine bas suspect pour du « tissé main » : authenticité/composition à tester ; argument pays faible en volume"
A16;Bols laqués (coco/bambou) – set;Vietnam;"introuvable ; proxy : 64 fabricants/exportateurs de laque recensés au Vietnam";https://www.tradewheel.com/lacquerware/vietnam/ (consulté 2026-10-02);"Laque son mài, artisans de Hanoï/Binh Duong ; capacité 50 000 pcs/mois";1,31 €/bol (0,80-1,50 USD, MOQ 50-150) (USD→EUR 0,87 = ESTIMATION taux);"https://www.alibaba.com/showroom/vietnamese-lacquerware.html ; https://coconutfriendly.com/product/vietnam-lacquered-coconut-bowl-cf_8601-cf_8837/ (consulté 2026-10-02 ; extrait moteur)";10,90 €/bol (Les Trésors du Vietnam);https://www.lestresorsduvietnam.fr/produit/bol-noix-de-coco-motifs-petales/ (consulté 2026-10-02);0,1/bol (ESTIMATION);50-150 pcs/coloris;OK marge 81% (HT 9.08€ - CR 1.76€);"KO ≈11 €/bol ; set de 4 ≈44 € non constaté";OK CR 1.76€ = 16.2% du TTC 10.90€;? léger mais laque rayable;OK (contact alimentaire : conformité à vérifier);OK;? offre FR bas de gamme, positionnement premium non démontré;ÉLIMINÉ;c2 KO (prix détail constaté trop bas)
B01;Kimono / peignoir coton imprimé au bloc (hand block print);Inde (Jaipur/Sanganer);"Donnée mondiale introuvable ; proxy : Sanganer = IG (indication géographique) 2010, 315+ unités et 1 800-3 000 artisans";"https://www.origin-gi.com/wp-content/uploads/2017/01/102-sanganeri-hand-block-printing.pdf ; consulté 2026-10-02 (extrait moteur de recherche ; page non chargeable via proxy)";"Savoir-faire unique (blocs bois sculptés, IG Sanganeri) ; écosystème complet tissu-impression-confection à Jaipur";"7,50 € (₹750/pièce kimono long ; ₹550 version courte) — ESTIMATION taux : 1 € = 100 INR ; 1 USD = 0,86 € ; 1 € = 350 LKR";"https://www.indiamart.com/proddetail/block-printed-kimono-robe-22059597133.html ; https://www.indiamart.com/proddetail/cotton-kimono-robe-short-hand-block-printed-bathrobe-22059638833.html ; consulté 2026-10-02 (extrait moteur de recherche ; page non chargeable via proxy)";83,33 € (prix plein Jamini Design, kimono coton imprimé main en Inde);"https://www.jaminidesign.com/en/206-kimonos ; consulté 2026-10-02 (extrait moteur de recherche ; page non chargeable via proxy)";0,35 (ESTIMATION : yukata coton 300-500 g, kimono voile plus léger);"50 pièces (Bandasar Craft House, Jaipur) ; https://www.bandasarcrafthouse.com/kimono-robe.html";"OK : rendu 10,13 € (7,50×1,35 ESTIMATION) ; HT 69,44 € ; marge 85 %";OK : 83 € TTC;OK : 12 % du TTC;OK : ~0,35 kg, textile non fragile;OK : textile (vérifier azoïques REACH);OK : 50 pcs/réf.;"? : concurrence Etsy 19-63 $ et marques FR (Jamini) ; place premium via design/coupe";RETENU;"Marges fortes, MOQ bas, colis léger ; différenciation par motifs exclusifs"
B02;Gants cuir d'agneau doublés (soie/laine) femme-homme;Pakistan (Sialkot);"« plus de 60 % des gants sport et cuir mondiaux » (affirmation fabricant, NON vérifiée) ; proxy officiel : 22,67 M paires exportées S1 2025 (64,12 M$)";"https://galaxymotowears.com/leather-gloves-sialkot-pakistan/ ; https://en.nbd.ltd/news/d/16385d870a1b333eded1a1c1b8b5f1ec ; https://tdap.gov.pk/wp-content/uploads/2022/05/Gloves-report.pdf ; consulté 2026-10-02 (extrait moteur de recherche ; page non chargeable via proxy)";"Pôle mondial du gant (tanneries + coupe + couture) ; savoir-faire gants habillés";"7,31 € (5,50-8,50 $/paire, haut de fourchette retenu) — ESTIMATION taux : 1 € = 100 INR ; 1 USD = 0,86 € ; 1 € = 350 LKR";"https://www.alibaba.com/showroom/small-ladies-leather-gloves.html ; https://www.alibaba.com/countrysearch/PK/leather-gloves-sialkot.html ; consulté 2026-10-02 (extrait moteur de recherche ; page non chargeable via proxy)";"79 € (1000 Gants modèle Pérouse, agneau doublé soie) ; repères 74,90 € Isotoner, 99 € 1000 Gants Bayonne";"https://www.1000gants.com/boutique/produit/bayonne/ ; https://www.isotoner.fr/products/gants-cuir-femme-5 ; consulté 2026-10-02 (extrait moteur de recherche ; page non chargeable via proxy)";0,10 (ESTIMATION paire + emballage);100 paires (Alibaba, Sialkot) — attention : par réf. × tailles;"OK : rendu 9,87 € ; HT 65,83 € ; marge 85 %";OK : 79 € TTC;OK : 12,5 %;OK : ~0,1 kg;OK : cuir (contrôle chrome VI REACH);OK : 100 paires (mais 5-6 tailles);"? : Isotoner (masse) et Fabre/Causse (luxe) ; créneau DTC milieu-haut ouvert ; produit saisonnier";RETENU;"Excellent ratio prix/poids ; saisonnalité oct.-fév. et grille tailles à gérer"
B03;Porte-cartes / petite maroquinerie cuir pleine fleur;Inde (Kolkata, Kanpur);"Inde ≈ 13 % de la production mondiale de cuir ; Kolkata ≈ 60 % des articles de maroquinerie indiens";"https://leatherindia.org/indian-leather-industry/ ; https://unacademy.com/content/railway-exam/study-material/general-awareness/major-leather-production-centres-located-in-india/ ; consulté 2026-10-02 (extrait moteur de recherche ; page non chargeable via proxy)";Grande base cuir/tannerie, coûts de main-d'œuvre bas;"6,50 € (₹200-650/pièce, haut de fourchette retenu) — ESTIMATION taux : 1 € = 100 INR ; 1 USD = 0,86 € ; 1 € = 350 LKR";"https://dir.indiamart.com/kolkata/leather-card-holders.html ; https://www.indiamart.com/adel-international-mumbai/leather-card-holders.html ; consulté 2026-10-02 (extrait moteur de recherche ; page non chargeable via proxy)";45 € (Loom, porte-cartes cuir pleine fleur);"https://www.loom.fr/fr-fr/products/le-porte-cartes ; consulté 2026-10-02 (extrait moteur de recherche ; page non chargeable via proxy)";0,05 (ESTIMATION);ESTIMATION 100-300 pièces (usage IndiaMART, non vérifié);"OK : rendu 8,78 € ; HT 37,50 € ; marge 77 %";OK (limite) : 45 €;OK : 19,5 %;OK;OK;? : non confirmé;"KO : marché saturé (Loom, Faméthic, ateliers made in France) ; origine Inde = handicap de positionnement";ÉLIMINÉ;Marché saturé, prime au made in France
B04;Carnet / journal cuir à papier artisanal (deckle edge);Inde (Jaipur/Sanganer);"Donnée mondiale introuvable ; proxy : Sanganer = pôle historique du papier fait main";"https://www.outlooktraveller.com/destinations/india/sanganer-block-printing-and-paper-making-hub-rajasthan ; consulté 2026-10-02 (extrait moteur de recherche ; page non chargeable via proxy)";Papier chiffon de coton fait main + reliure cuir sur place;"4,50 € (₹450, M.S. Hilal 20×15 cm ; fourchette ₹320-699) — ESTIMATION taux : 1 € = 100 INR ; 1 USD = 0,86 € ; 1 € = 350 LKR";"https://www.indiamart.com/mshilalinternational/handmade-diaries.html ; https://www.indiamart.com/proddetail/leather-vintage-handmade-journal-diary-with-lock-2849040241148.html ; consulté 2026-10-02 (extrait moteur de recherche ; page non chargeable via proxy)";"69,90 € (Mediefan carnet cuir artisanal) ; repère bas 38 € (Atelier de la Forêt)";"https://www.mediefan.com/products/carnet-cuir-artisanal ; https://www.atelier-de-la-foret.fr/carnets/107-carnets10x15cm.html ; consulté 2026-10-02 (extrait moteur de recherche ; page non chargeable via proxy)";0,40 (ESTIMATION);ESTIMATION 50-100 pièces (non vérifié);"OK : rendu 6,08 € ; HT 58,25 € ; marge 90 %";OK : 69,90 € (38 € au bas de marché = KO);OK : 8,7 %;OK;OK;? : non confirmé;"? : modèle « vintage » très présent sur Etsy à bas prix ; premium seulement avec design propre";RETENU;"Marges très élevées ; risque de banalisation : design exclusif obligatoire"
B05;Foulard / étole soie ikat tissée main;Ouzbékistan (Margilan);"3e producteur mondial de soie (après Chine et Inde) ; ≈ 3 % des cocons (2018)";"https://www.worldatlas.com/articles/world-leaders-in-silk-production.html ; https://www.globaltrademag.com/silk-worm-cocoons-market-in-asia-key-insights/ ; consulté 2026-10-02 (extrait moteur de recherche ; page non chargeable via proxy)";Technique ikat (abr-band) spécifique à Margilan, usine Yodgorlik;"21,50 € (≈25 $ foulard boutique usine Yodgorlik ; bazar 7-10 $ hors ikat authentique) — prix de gros introuvable, proxy détail local ; ESTIMATION taux : 1 € = 100 INR ; 1 USD = 0,86 € ; 1 € = 350 LKR";"https://www.tripadvisor.com/ShowUserReviews-g815343-d7708874-r295267559-Yodgorlik_Silk_Factory-Margilan_Fergana_Province.html ; https://www.eva-darling.com/shopping-in-uzbekistan/ ; consulté 2026-10-02 (extrait moteur de recherche ; page non chargeable via proxy)";"Prix FR premium introuvable ; proxy 94,31 $ (≈81 €) Hoonarts (e-shop US) ; Etsy 27-31 €";"https://www.hoonarts.com/collections/uzbek-handwoven-silk-scarves ; consulté 2026-10-02 (extrait moteur de recherche ; page non chargeable via proxy)";0,10 (ESTIMATION);"Introuvable ; ESTIMATION 20-100 pièces (ateliers artisanaux)";"OK : rendu 29,03 € ; HT 67,50 € (proxy 81 €) ; marge 57 % → KO";OK si ≥ 81 €;KO : 36 % du TTC proxy;OK;OK;?;"? : niche ; peu d'acteurs FR";ÉLIMINÉ;"Coût d'achat ikat authentique trop haut vs prix constaté ; à requalifier si devis grossiste < 15 €"
B06;Housse de coussin suzani brodée main;Ouzbékistan (Boukhara);"Donnée mondiale introuvable (artisanat d'origine, Ouzbékistan = foyer historique du suzani) ; proxy : 3e producteur mondial de soie";"https://www.worldatlas.com/articles/world-leaders-in-silk-production.html ; consulté 2026-10-02 (extrait moteur de recherche ; page non chargeable via proxy)";Broderie suzani traditionnelle, coûts locaux très bas;"8,60 € (bazar Boukhara 60 000-125 000 som ≈ 5-10 $, coton) — proxy détail local, prix de gros introuvable ; ESTIMATION taux : 1 € = 100 INR ; 1 USD = 0,86 € ; 1 € = 350 LKR";"https://wanderingwheatleys.com/uzbekistan-shopping-souvenirs-what-to-buy/ ; https://www.eva-darling.com/shopping-in-uzbekistan/ ; consulté 2026-10-02 (extrait moteur de recherche ; page non chargeable via proxy)";"52 € (Casa Nomade, suzani brodé main soie) ; haut 124 € (Authentic Bazar)";"https://www.casanomade.fr/housses-de-coussin/209-housses-de-coussin-housse-de-coussin-suzani-vintage-brode-a-la-main-fleurs.html ; https://www.authentic-bazar.com/produit/la-maison/les-createurs/tensira/housse-de-coussin-suzani-boukhara/ ; consulté 2026-10-02 (extrait moteur de recherche ; page non chargeable via proxy)";0,30 (ESTIMATION);ESTIMATION 20-50 (pièces artisanales, réassort irrégulier);"OK : rendu 11,61 € ; HT 43,33 € ; marge 73 %";OK : 52 €;? : 22 % (KO si achat > 9,60 €);OK;OK;? : non vérifié;? : niche déco ethnique, pas d'acteur dominant;RETENU;Sous réserve devis grossiste ≤ 9,60 € et qualité constante
B07;Chaussons en feutre de laine (semelle cuir);Kirghizistan;"Donnée mondiale introuvable ; proxy : feutre kirghize (shyrdak) reconnu UNESCO, ateliers Tumar/Kyrgies";"https://www.visitkyrgyzstan.org/souvenirs/ ; consulté 2026-10-02 (extrait moteur de recherche ; page non chargeable via proxy)";Laine locale + feutrage traditionnel, ateliers éthiques exportant déjà en UE;"10,32 € (≈12 $/paire petite usine kirghize ; 2-14 $ dès 300 paires) — ESTIMATION taux : 1 € = 100 INR ; 1 USD = 0,86 € ; 1 € = 350 LKR";"https://blog.quiltedtwins.com/new-blog/2019/october/krygyz-slippers ; https://www.alibaba.com/showroom/felt-slippers-kyrgyzstan.html ; consulté 2026-10-02 (extrait moteur de recherche ; page non chargeable via proxy)";"64,90 € (WoolFit, boutique-chaussons.fr) ; 55 € Kashgar Artisanat";"https://www.boutique-chaussons.fr/chaussons-feutre.html ; https://kashgarartisanat.com/produit/chaussons-en-laine-merinos/ ; consulté 2026-10-02 (extrait moteur de recherche ; page non chargeable via proxy)";0,40 (ESTIMATION paire);"300 paires (offre usine Alibaba) ; ateliers artisanaux probablement moins";"OK : rendu 13,93 € ; HT 54,08 € ; marge 74 % (KO si prix < 56 €)";OK : 64,90 €;OK : 21,5 %;OK;OK;OK : ≤ 300;"? : Kyrgies (US), WoolFit, Baabuk ; peu présent en FR premium";RETENU;"Histoire forte, colis léger ; prix de vente ≥ 59 € nécessaire"
B08;Cannelle de Ceylan (bâtons Alba);Sri Lanka;"≈ 80-90 % de la cannelle de Ceylan mondiale ; 79,9 % des exportations mondiales de cannelle 2024";"https://www.srilankabusiness.com/spices/about/cinnamon-cultivation-sri-lanka.html ; consulté 2026-10-02 (extrait moteur de recherche ; page non chargeable via proxy)";Quasi-monopole sur Cinnamomum verum;"21,40 €/kg prix bord-champ Alba (Rs 7 500/kg, juil. 2026) soit 2,14 €/100 g — prix export supérieur non trouvé ; ESTIMATION taux : 1 € = 100 INR ; 1 USD = 0,86 € ; 1 € = 350 LKR";"https://www.dailymirror.lk/breaking-news/Sri-Lanka-targets-US-300mn-in-cinnamon-exports-as-Alba-price-hits-record-Rs-7-500/108-346480 ; consulté 2026-10-02 (extrait moteur de recherche ; page non chargeable via proxy)";14,21 € / 100 g (KHLA bio);"https://www.epices-khla.com/cannelle-baton/cannelle-de-ceylan-biologique-en-baton-100g.html ; consulté 2026-10-02 (extrait moteur de recherche ; page non chargeable via proxy)";0,10;Lots d'essai 10 kg (exportateurs);"OK : rendu 2,89 € ; HT 11,84 € ; marge 76 %";KO : 14 € l'unité, panier 40 € irréaliste;OK : 20 %;OK (DLUO épice sèche longue);OK : alimentaire simple;OK;KO : épicerie fine saturée, commodité;ÉLIMINÉ;Panier trop bas, marché banalisé
B09;Thé Darjeeling first flush grand cru;Inde;"Inde ≈ 20,7 % du thé mondial ; Darjeeling IG ≈ 1 % de la production indienne";"https://www.historyofceylontea.com/ceylon-publications/ceylon-tea-articles/international-tea-day-2025-top-10-largest-tea-producing-countries-in-the-world-know-where-india-ranks.html ; consulté 2026-10-02 (extrait moteur de recherche ; page non chargeable via proxy)";Terroir IG non reproductible;"4,50 €/100 g (moyenne first flush ₹4 500/kg, enchères Kolkata) — ESTIMATION taux : 1 € = 100 INR ; 1 USD = 0,86 € ; 1 € = 350 LKR";"https://www.tconews.in/blog/news-2/darjeeling-tea-hits-stratospheric-highs-record-5000kg-fetch-at-kolkata-auction-amid-global-crunch-374 ; consulté 2026-10-02 (extrait moteur de recherche ; page non chargeable via proxy)";32 € / 100 g (Palais des Thés, Sungma FTGFOP1);"https://www.palaisdesthes.com/en/grands-crus/first-flush/darjeeling/ ; consulté 2026-10-02 (extrait moteur de recherche ; page non chargeable via proxy)";0,15 (boîte 100 g);ESTIMATION 10-50 kg par lot (non vérifié);"OK : rendu 6,08 € ; HT 26,67 € (formule brief ; TVA réelle 5,5 %) ; marge 77 %";? : 32 €/boîte, panier 40 € via 2 boîtes;OK : 19 %;OK (DLUO 2-3 ans);OK : alimentaire simple;OK;KO : Palais des Thés, Mariage Frères, Dammann, Kusmi + nombreux spécialistes;ÉLIMINÉ;Marché premium verrouillé par maisons établies
B10;Châle laine de yak (hors cachemire);Népal;Donnée mondiale introuvable;Introuvable;Laine himalayenne, tissage main à Katmandou;"5,76 € (6,70 $ yak/coton ; yak pur dès 4,50 $) — ESTIMATION taux : 1 € = 100 INR ; 1 USD = 0,86 € ; 1 € = 350 LKR";"https://www.nepalpashminashawl.com/product/himalayan-yak-wool-and-cotton-mix-printed-shawl/ ; https://handicraftsinnepal.com/shawl/ ; consulté 2026-10-02 (extrait moteur de recherche ; page non chargeable via proxy)";"39,90 € (Free-Bouddha grand châle 100×200) ; 35 € Namaste Boutique";"https://www.free-bouddha.fr/grand-ch%C3%A2le-n%C3%A9palais-100-x-200-cm/24526-grand-ch%C3%A2le-laine-de-yak-rouge-et-bleu-100-x-200-cm.html ; consulté 2026-10-02 (extrait moteur de recherche ; page non chargeable via proxy)";0,30 (ESTIMATION);Introuvable;"OK : rendu 7,78 € ; HT 33,25 € ; marge 77 %";KO : prix constaté < 40 €;OK : 19,5 %;OK;OK;?;"KO : positionnement boutique ésotérique bas prix ; risque d'authenticité (mélanges)";ÉLIMINÉ;Prix de marché < 40 €, crédibilité « yak » faible
B11;Cabas en jute premium;Bangladesh;"Inde + Bangladesh ≈ 93 % de la production mondiale de jute (2018) ; Bangladesh ≈ 42 % (2021)";"https://en.wikipedia.org/wiki/Jute_cultivation ; https://en.wikipedia.org/wiki/Jute_industry_in_Bangladesh ; consulté 2026-10-02 (extrait moteur de recherche ; page non chargeable via proxy)";Matière première et filière complète;"3,44 € (1,50-4,00 $ cabas premium, MOQ 300) — ESTIMATION taux : 1 € = 100 INR ; 1 USD = 0,86 € ; 1 € = 350 LKR";"https://www.alibaba.com/showroom/jute-bags-export-from-bangladesh.html ; consulté 2026-10-02 (extrait moteur de recherche ; page non chargeable via proxy)";"49,17 € (Grenouille Rouge, jute + cuir, fabriqué en France) ; courant 24-38 €";"https://grenouillerouge.com/cabas-en-jute/241-vive-la-france.html ; https://toileschics.com/categorie-produit/sac-cabas-jute/ ; consulté 2026-10-02 (extrait moteur de recherche ; page non chargeable via proxy)";0,40 (ESTIMATION);300 à 5 000 pièces;"OK : rendu 4,64 € ; HT 40,98 € ; marge 89 %";? : la plupart des cabas jute < 40 €;OK : 9 %;OK;OK;? : 300 possible, souvent 1 000+;KO : produit perçu promotionnel, très concurrentiel;ÉLIMINÉ;Perception bas de gamme, MOQ souvent > 500
B12;Couteau de cuisine lame damas;Pakistan (Wazirabad);"« 95 % des besoins mondiaux en damas de qualité » (affirmation non vérifiée) ; Wazirabad ≈ 70 % des exportations pakistanaises de coutellerie";"https://greenhillsknives.com/2026/03/10/wazirabad-pakistan-knife-capital/ ; https://www.listcompany.org/Wazirabad_Near_Pakistan.html ; consulté 2026-10-02 (extrait moteur de recherche ; page non chargeable via proxy)";Pôle coutelier historique, forge damas;"12,38 € (14,40 $ chef damas) — ESTIMATION taux : 1 € = 100 INR ; 1 USD = 0,86 € ; 1 € = 350 LKR";"https://pakistantradeportal.gov.pk/product/premium-quality-damascus-chef-knife-new-kitchen-knives-damascus-steel-kitchen-chef-knife-805 ; consulté 2026-10-02 (extrait moteur de recherche ; page non chargeable via proxy)";120,90 € (Atelier Damas, kiritsuke);"https://atelier-damas.com/collections/couteaux-de-cuisine ; consulté 2026-10-02 (extrait moteur de recherche ; page non chargeable via proxy)";0,30 (ESTIMATION avec étui);2-20 pièces;"OK : rendu 16,72 € ; HT 100,75 € ; marge 83 %";OK;OK : 14 %;OK : non fragile;? : contact alimentaire (règl. 1935/2004) + restrictions pub Meta sur les lames;OK;KO : saturé de damas pakistanais bas de gamme (réputation), concurrence japonaise;ÉLIMINÉ;Réputation qualité et régime publicitaire défavorables
B13;Résine d'oliban Hojari (encens);Oman (Dhofar);Introuvable pour Oman seul (proxy : Boswellia sacra endémique Dhofar);"https://www.wipo.int/pressroom/en/stories/oman-2023-frankincense.html ; consulté 2026-10-02 (extrait moteur de recherche ; page non chargeable via proxy)";Origine unique de l'oliban Hojari;Introuvable (aucun prix de gros attribuable à une source vérifiable);Introuvable;Introuvable;Introuvable;0,10;Introuvable;?;?;?;OK;KO : proche du bakhoor/encens déjà écarté (univers parfum);?;? : niche;ÉLIMINÉ;"Catégorie proche d'une exclusion du fondateur ; données de prix manquantes"
B14;Ballon de football cuir cousu main (vintage/déco);Pakistan (Sialkot);≈ 70 % des ballons cousus main mondiaux;"https://www.tbsnews.net/sports/how-pakistans-sialkot-powers-70-worlds-football-production-1456891 ; consulté 2026-10-02 (extrait moteur de recherche ; page non chargeable via proxy)";Pôle mondial du ballon cousu main;"14,91 € (16,78-17,34 $ cuir vintage) — ESTIMATION taux : 1 € = 100 INR ; 1 USD = 0,86 € ; 1 € = 350 LKR";"https://sialkotshop.com/vintage-leather-footballs-gs039 ; consulté 2026-10-02 (extrait moteur de recherche ; page non chargeable via proxy)";Introuvable (recherche non aboutie);Introuvable;0,45 (ESTIMATION);Introuvable;?;?;?;OK;OK;?;"KO : Adidas/Nike dominants ; niche vintage étroite";ÉLIMINÉ;"Marché verrouillé par grandes marques ; prix détail FR non sourcé"
C01;Plaid 100 % mohair (env. 130x170 cm);Afrique du Sud;≈50 % du mohair mondial;https://www.textileworld.com/textile-world/fiber-world/2020/10/mohair-south-africa-partner-with-oritain-to-verify-the-origin-of-50-of-the-worlds-mohair/ consulté 2026-10-02;1er producteur mondial de mohair (Karoo) + filatures/tissages locaux (Hinterveld, Mohair Mill);"ESTIMATION 33,6 € (prix détail magasin d'usine SA R1 250 /18,6 = 67,2 € × 0,5 coef. gros) ; prix usine non publié, devis requis";"https://mohairmillshop.com/en-us (throws dès R1 250) consulté 2026-10-02 ; taux ESTIMATION 1 EUR = 1,14 USD (tradingeconomics.com/euro-area/currency, sept. 2026) et 1 EUR = 18,6 ZAR (exchangerates.org.uk/EUR-ZAR-exchange-rate-history.html, moy. sept. 2026)";119 € (Olivier Desforges) à 330–400 € (Yves Delorme, Maison Pechavy);"https://www.1001listes.fr/Produit4435263/Plaid-Mohair ; https://france.yvesdelorme.com/p/c/yd-mohair-plai.html ; https://maisonpechavy.fr/commander/plaid-mohair-et-coussins/984-plaid-victoria-100-mohair-3760303492007.html consulté 2026-10-02";ESTIMATION 0,8–0,9 (350 g/m² × 140x180 cm = 0,88 kg, spec Pechavy);ESTIMATION 20–50 pièces (tissage artisanal, à confirmer);"OK à prix cible 199 € : coût rendu 45,4 € vs HT 165,8 € → marge 72,6 % ; KO à 119 € (54 %)";OK (≥119 €);"OK à 199 € (22,8 %) ; KO à 119 € (38 %)";"? 0,88 kg proche limite 1 kg ; non fragile, non périssable";OK – APE UE-SADC : 98,7 % des produits sud-africains en franchise (règle d'origine textile) https://trade.ec.europa.eu/access-to-markets/en/content/eu-southern-african-development-community-sadc-economic-partnership-agreement-epa;? MOQ non publié;"OK – offre FR = mohair FR artisanal (fermes) + grands linge de maison ; pas d'acteur dominant 'mohair d'origine Karoo'";RETENU;Sous conditions : prix public ≥199 €, prix usine ≤37 € et poids ≤1 kg (format 130x170) à valider par devis
C02;Écharpe / étole mohair tissée;Afrique du Sud;≈50 % du mohair mondial;https://www.textileworld.com/textile-world/fiber-world/2020/10/mohair-south-africa-partner-with-oritain-to-verify-the-origin-of-50-of-the-worlds-mohair/ consulté 2026-10-02;"Même filière Karoo ; écharpes tissées/tricotées en usines locales";"ESTIMATION 11,2 € (prix détail SA 'extra fine scarf' R415 /18,6 = 22,3 € × 0,5) ; borne haute = 22,3 €";"https://www.mohairblanket.co.za/product/mohair-scarves/ (R180–R1 500 ; R415 extra fine) consulté 2026-10-02 ; taux ESTIMATION 1 EUR = 1,14 USD (tradingeconomics.com/euro-area/currency, sept. 2026) et 1 EUR = 18,6 ZAR (exchangerates.org.uk/EUR-ZAR-exchange-rate-history.html, moy. sept. 2026)";60 € à 145 € (mohair français : Au fil de la Monne, Ferme d'Auré, Brun de Vian-Tiran 129 €);"https://aufildelamonne.fr/rayon-de-la-boutique-mohair/echarpes-etoles-en-mohair/ ; https://www.mohair-et-lama.com/categorie-produit/mohair-pour-femme/echarpe-mohair/ ; https://www.brundeviantiran.com/fr/echarpe-en-mohair.html consulté 2026-10-02";ESTIMATION 0,15–0,25 (écharpe laine type);ESTIMATION 30–100 (à confirmer);OK à 89 € : rendu 15,1 € vs HT 74,2 € → 79,6 % (même au prix borne haute 30,1 € : 59 % KO à 89 €, OK à 129 € : 72 %);OK (60–145 €);"OK à 89 € (17 %) ; à 129 € avec borne haute (23 %)";OK léger, non fragile;OK – APE UE-SADC (franchise, règle d'origine textile);? non publié;OK – marché FR fragmenté (petites fermes mohair FR), aucun acteur dominant;RETENU;"Très léger, ticket ≥60 €, fort avantage d'origine ; obtenir devis usine (Hinterveld/Mohair Mill)"
C03;Fouta premium (nid d'abeille, coton);Tunisie;"Introuvable (pas de statistique mondiale) ; proxy : fouta = textile traditionnel tunisien, nombreux tisserands exportateurs";"https://www.ladymac.fr/grossiste-fouta/ ; https://fouta-du-sud.com/ consulté 2026-10-02";Savoir-faire et parc de métiers jacquard en Tunisie;4,50–4,90 € HT (grossiste, 30–1 500 pcs) – borne haute car grossiste FR;"https://www.ladymac.fr/grossiste-fouta/ ; https://www.grossistefouta.fr/details-fabricant+producteur+et+distibuteur+de+fouta+avec+une+usine+en+tunisie-509 consulté 2026-10-02";"24,90–42 € (By Foutas 39,90 € perso ; Maisons du Monde ~42 €)";"https://byfoutas.com/collections/foutas-nid-dabeille-personnalisables ; https://www.maisonsdumonde.com/FR/fr/vc/fouta-nid-d-abeille consulté 2026-10-02";ESTIMATION 0,3–0,45;30–200 pièces (grossistes);OK à 39,90 € : rendu 6,6 € vs HT 33,25 € → 80 %;? 39,90 € <40 € à l'unité, OK par 2;OK (16,6 %);OK;OK – accord d'association UE-Tunisie, produits industriels en franchise https://policy.trade.ec.europa.eu/eu-trade-relationships-country-and-region/countries-and-regions/tunisia_en;OK;KO – marché saturé (By Foutas, Le Comptoir de la Plage, Marinette, MdM), prix plafonnés ~40 €;ÉLIMINÉ;c7 : marché saturé, peu de place premium
C04;Ustensiles de cuisine en bois d'olivier (set);Tunisie;Introuvable (pas de donnée mondiale artisanat bois d'olivier);https://www.alibaba.com/tunisia-olive-wood-suppliers.html consulté 2026-10-02;Bois d'olivier abondant, nombreux ateliers (Sfax, Sousse) sur Alibaba;"5,34–7,58 € (plats de service, MOQ 20) ; set 3 ustensiles 18 € prix public fournisseur tunisien";"https://www.alibaba.com/showroom/tunisia-dinnerware.html ; https://www.natur-olive.com/boutique consulté 2026-10-02";6,50–9,50 € l'unité (SourceShop);https://sourceshop.fr/ustensiles-de-cuisine/3601-spatule-biseautee-bois-olivier.html consulté 2026-10-02;ESTIMATION 0,2–0,4 (set);10–50;"? dépend du set ; prix FR très bas";KO – unités 6–10 €, set rarement ≥40 €;? ;OK;OK – accord UE-Tunisie (franchise industriels);OK;KO – marché banalisé (SourceShop, Lartisanet, Naturolive en direct);ÉLIMINÉ;c2 et c7 : panier trop faible, produit banalisé
C05;Babouches cuir artisanales;Maroc;"Introuvable ; proxy : 1 597 offres de babouches marocaines sur Alibaba, Fès/Marrakech centres historiques";https://french.alibaba.com/f/babouche-maroc.html consulté 2026-10-02;Tanneries et cordonniers traditionnels Fès/Marrakech;"9,6–11,4 € (12–13 USD/paire cuir fait main ; MOQ 10–20)";"https://www.alibaba.com/showroom/leather-babouches.html consulté 2026-10-02 ; taux ESTIMATION 1 EUR = 1,14 USD (tradingeconomics.com/euro-area/currency, sept. 2026) et 1 EUR = 18,6 ZAR (exchangerates.org.uk/EUR-ZAR-exchange-rate-history.html, moy. sept. 2026)";36,90–44,90 € (Babouches France);https://www.babouchesfrance.fr/en/collections-hommes consulté 2026-10-02;ESTIMATION 0,3–0,4 la paire;10–20 paires;KO à 44,90 € : rendu 14,8 € vs HT 37,4 € → 60 %;"OK (≈40 € ; ≥40 € avec 2e paire)";KO (33 %);OK;OK – accord d'association UE-Maroc, produits industriels en franchise https://www.piie.com/publications/chapters_preview/4334/10iie4334.pdf;OK;? nombreux vendeurs, prix ancrés 35–45 €;ÉLIMINÉ;"c1 et c3 KO au prix premium constaté ; nécessiterait ≥60 € TTC"
C06;Cabas / sac cuir pleine fleur;Maroc;Introuvable;Donnée non trouvée;"Tanneries Bab Debbagh (Marrakech) ; artisans maroquiniers";28,1–70,2 € (32–80 USD gros, à partir de 10 pcs);"https://www.marrakeche.com/moroccan-genuine-leather-tote-bags/ consulté 2026-10-02 ; taux ESTIMATION 1 EUR = 1,14 USD (tradingeconomics.com/euro-area/currency, sept. 2026) et 1 EUR = 18,6 ZAR (exchangerates.org.uk/EUR-ZAR-exchange-rate-history.html, moy. sept. 2026)";"Proxy : 66–133 € (retail 75–152 USD du même atelier) ; prix FR non relevé";https://www.marrakeche.com/leather-totes-bags/ consulté 2026-10-02;ESTIMATION 0,7–1,0;10+ pièces;? à 133 € : rendu 37,9 € vs HT 110,8 € → 66 % (limite);OK;KO (28,5 % au plus bas prix usine);? proche 1 kg;OK – accord UE-Maroc;OK;KO – maroquinerie FR très concurrentielle (DTC nombreux);ÉLIMINÉ;c3 KO + marché concurrentiel
C07;Housse de coussin handira (laine, sequins);Maroc;Introuvable (artisanat propre au Maroc, ex. coopératives Aït Bouguemez);https://www.theanou.com/product/6486-handira-wedding-blanket consulté 2026-10-02;"Savoir-faire handira exclusivement marocain (couvertures de mariage berbères) ; fondateur arabophone";2,9–5,5 € (3,25–6,29 USD housses laine marocaines, MOQ 10) – authenticité handira à vérifier;"https://www.alibaba.com/showroom/moroccan-wool-pillow-covers.html consulté 2026-10-02 ; taux ESTIMATION 1 EUR = 1,14 USD (tradingeconomics.com/euro-area/currency, sept. 2026) et 1 EUR = 18,6 ZAR (exchangerates.org.uk/EUR-ZAR-exchange-rate-history.html, moy. sept. 2026)";39–59 € (Blanc Bohème 39 €, Bohoccan 39 €, Flo & Jouls 39–59 €);"https://www.blancboheme.fr/product-page/housse-de-coussin-handira-beige ; https://bohoccan.com/products/housse-de-coussin-handira ; https://www.floandjouls.com/en/eshop/cushion-handira/ consulté 2026-10-02";ESTIMATION 0,3–0,5;10 pièces;OK à 39 € : rendu 7,4 € vs HT 32,5 € → 77 %;"OK (39–59 € ; duo ≥40 €)";OK (19 %);OK léger, non fragile;OK – accord UE-Maroc (franchise industriels);OK;"OK – boutiques bohèmes fragmentées, aucun leader ; place pour marque premium certifiée artisanale";RETENU;"Marges fortes, MOQ très bas ; vérifier authenticité (laine/coton tissé main) — prix usine réel peut être plus élevé"
C08;Sac / panier en raphia crocheté;Madagascar;"Introuvable ; proxy : Madagascar fournit l'essentiel du raphia haut de gamme (sources commerciales)";"https://www.blessed-raffia.com/en/why-is-raffia-from-madagascar-considered-the-best-in-the-world/ ; https://dildura.com/where-are-raffia-bags-made/ consulté 2026-10-02";"Palmier Raphia farinifera endémique ; fabricants locaux MOQ 30";17,5–19,3 € (20–22 USD, MOQ 50);"https://www.alibaba.com/countrysearch/MG/raffia-bags.html ; https://raffia-mada.com/en (MOQ 30) consulté 2026-10-02 ; taux ESTIMATION 1 EUR = 1,14 USD (tradingeconomics.com/euro-area/currency, sept. 2026) et 1 EUR = 18,6 ZAR (exchangerates.org.uk/EUR-ZAR-exchange-rate-history.html, moy. sept. 2026)";"53–79 € (D'ici et Ailleurs 69 €, RaffiaCreation dès 79 €) ; 285 € (Sans Arcidet)";"https://dicietailleurs.fr/boutique/artisanat-malgache/panier-sac/sac-crochet-exotique-raphia-fleur-raphia/ ; https://raffiacreation.com/ ; https://oua-concept.com/sacs-boheme-pochettes-artisanales/169-le-sac-sam-havane-en-raphia-cuir-de-madagascar-24x10-cm-sans-arcidet.html consulté 2026-10-02";ESTIMATION 0,3–0,5;30–50 pièces (200 en sur-mesure);"OK à 119 € : rendu 24,9 € vs HT 99,2 € → 75 % ; KO à 79 € (62 %)";OK;"OK à 119 € (21 %) ; KO à 79 € (31,5 %)";OK (souple);OK – EBA (Madagascar PMA, 0 %) https://trade.ec.europa.eu/access-to-markets/en/content/everything-arms-eba;OK;"? Sans Arcidet installé en haut de gamme, Etsy en bas ; créneau 100–150 € possible";RETENU;"Sous condition de positionnement ≥110 € TTC (design + cuir) ; hors vanille conforme"
C09;Panier bolga (herbe à éléphant, anses cuir);Ghana;"Introuvable ; proxy : exportations ghanéennes de paniers ≈10 M USD en 2024";https://www.modernghana.com/news/1480023/revamping-the-basket-industry-a-gateway-to-sustai.amp consulté 2026-10-02;Origine Bolgatanga (herbe locale), milliers de tisserandes;"3,45–6,90 € (MOQ 100) – origine ghanéenne à vérifier ; grossiste US 20,50 USD";"https://www.alibaba.com/showroom/bolga-ghana-baskets.html ; https://www.swahiliwholesale.com/collections/ghana-bolga-baskets consulté 2026-10-02";"47,30–95,50 € (Artisans du Monde 54,90 € ; Ikama 95,50 €)";"https://www.boutique-artisans-du-monde.com/panier-bolga-zebra.html ; https://www.ikama-art.com/produit/panier-moyen-bolga-naturel-ajoure-anses-camel/ consulté 2026-10-02";ESTIMATION 0,5–0,8 (volumineux);50–100;OK à 54,90 € : rendu 9,3 € vs HT 45,75 € → 80 %;OK;OK (17 %) mais coef. 1,35 probablement sous-estimé (volume);? <1 kg mais très volumineux (poids volumétrique);OK – APE intérimaire UE-Ghana, 0 % depuis 2016 https://trade.ec.europa.eu/access-to-markets/en/content/epa-west-africa;OK;? commerce équitable présent (15–55 €), pas de marque premium dominante;RETENU;Sous réserve : coût fret volumétrique réel et provenance Bolgatanga certifiée
C10;Taies d'oreiller percale coton égyptien (paire);Égypte;"Proxy : Égypte ≈20 % du coton longue soie ; ELS = ~3 % du coton mondial";"https://www.cairotoptours.com/us/egypt-travel-guide/shopping-in-egypt/details-about-long-staple-cotton ; https://apps.fas.usda.gov/newgainapi/api/Report/DownloadReportByFileName?fileName=Cotton+and+Products+Annual_Cairo_Egypt_04-01-2020 consulté 2026-10-02";"Fibre Giza ELS ; filière textile intégrée";ESTIMATION ≈7 € (8 USD/pièce parures & serviettes, MOQ 370);"https://www.exporthub.com/egyptian-cotton-manufacturers/ consulté 2026-10-02 ; taux ESTIMATION 1 EUR = 1,14 USD (tradingeconomics.com/euro-area/currency, sept. 2026) et 1 EUR = 18,6 ZAR (exchangerates.org.uk/EUR-ZAR-exchange-rate-history.html, moy. sept. 2026)";41,67 € (La Serviette Paris) à 123,75 € (MPC);"https://laservietteparis.com/fr/chambre/41-taies-d-oreiller-x2-percale-de-coton-egyptien.html ; https://www.mpcmaison.com/products/taies-oreiller-percale-coton-eternelle consulté 2026-10-02";ESTIMATION 0,3;300–500;OK à 41,67 € : rendu 9,5 € vs HT 34,7 € → 73 %;OK;OK (22,8 %);OK;OK – accord d'association UE-Égypte (2004), industriels en franchise https://trade.ec.europa.eu/access-to-markets/en/content/eu-egypt-association-agreement;? 370–500 (limite);KO – linge de lit DTC saturé (La Serviette Paris, Cotton Co, Merci…);ÉLIMINÉ;"c7 marché saturé ; MOQ limite"
C11;Peignoir léger nid d'abeille coton égyptien;Égypte;Proxy : Égypte ≈20 % du coton longue soie;https://www.cairotoptours.com/us/egypt-travel-guide/shopping-in-egypt/details-about-long-staple-cotton consulté 2026-10-02;Fibre ELS + fabricants égyptiens de peignoirs OEM (Memo Textile);6,1–7,9 € (7–9 USD, MOQ 50, logo brodé);"https://apparel.alibaba.com/supplier/egyptian-cotton-bath-robes-wholesaler ; https://www.memotextile.com/bathrobe.html consulté 2026-10-02 ; taux ESTIMATION 1 EUR = 1,14 USD (tradingeconomics.com/euro-area/currency, sept. 2026) et 1 EUR = 18,6 ZAR (exchangerates.org.uk/EUR-ZAR-exchange-rate-history.html, moy. sept. 2026)";54,99–85 € (Univers Peignoir 54,99 €, CottonCo 60 €, Blanc Cerise 85 €);"https://cottonco.fr/peignoir-waffle.html ; https://www.blanc-cerise.com/collections/peignoir-nid-dabeille consulté 2026-10-02";ESTIMATION 0,6–0,9;50;OK à 60 € : rendu 9,5 € vs HT 50 € → 81 %;OK;OK (15,8 %);? <1 kg à vérifier par taille;OK – accord UE-Égypte (franchise industriels);OK;"OK – acteurs moyens (CottonCo, Blanc Cerise), pas de dominant ; angle 'coton Giza fait en Égypte'";RETENU;"Fortes marges, MOQ 50 ; exiger origine Égypte (règle d'origine) et poids <1 kg"
C12;Café de spécialité Yirgacheffe G1 (250 g);Éthiopie;≈3–4,5 % (5e producteur mondial, 1er d'Afrique);https://en.wikipedia.org/wiki/Coffee_production_in_Ethiopia consulté 2026-10-02;Berceau de l'arabica, crus de spécialité;"Vert FOB 8–12 USD/kg ; ESTIMATION ≈3,2 €/250 g torréfié (0,3 kg vert)";https://www.ethiocoffee.co/insights/ethiopian-coffee-pricing-fob-guide consulté 2026-10-02;6,90–11,85 €/250 g;"https://www.cafes-pfaff.com/cafes-en-grain/4056-ethiopie-yirgacheffe-banko-gotiti-cafe-en-grain.html ; https://www.maxicoffee.com/250g-cafe-grain-professionnel-ethiopie-yirgacheffe-lugat-p-208425.html consulté 2026-10-02";0,25;"Vert : sacs 60 kg ; lots 1–5 t";? hors coût torréfaction;KO (unité ~10 €);?;KO – DLUO café torréfié ESTIMATION ~12 mois (<18);OK – EBA 0 %;? ;KO – centaines de torréfacteurs FR;ÉLIMINÉ;c2, c4, c7
C13;Rooibos premium (vrac / coffret);Afrique du Sud;≈100 % (cultivé uniquement dans le Cederberg);"https://en.wikipedia.org/wiki/Rooibos ; https://www.klipopmekaar.co.za/rooibos-only-grown-in-south-africa/ consulté 2026-10-02";Monopole géographique;5,5–11,4 €/kg (6,32–13 USD/kg export 2025);"https://dir.tridge.com/prices/rooibos-tea/ZA consulté 2026-10-02 ; taux ESTIMATION 1 EUR = 1,14 USD (tradingeconomics.com/euro-area/currency, sept. 2026) et 1 EUR = 18,6 ZAR (exchangerates.org.uk/EUR-ZAR-exchange-rate-history.html, moy. sept. 2026)";6,20–12,51 €/100 g;"https://www.maison-lagrange.com/infusions/785-simplement-rooibos-bio-3760259311858.html ; https://www.greenweez.com/produit/rooibos-bio-infusion-vrac-sans-theine-antioxydant-100g consulté 2026-10-02";0,1;ESTIMATION 20–100 kg vrac;OK (vrac très bon marché);KO (unité 6–13 €);OK;OK (DLUO ESTIMATION ≥18 mois sec);OK – APE UE-SADC;OK;KO – thé/infusion saturé (Palais des Thés, Dammann, Kusmi, bio GMS);ÉLIMINÉ;c2 et c7
C14;Sac kiondo sisal tissé main + cuir;Kenya;"≈10 % du sisal mondial (28 kt / 281 kt en 2013, calcul) ; 3e producteur";https://www.worldatlas.com/articles/top-sisal-producing-countries-in-the-world.html consulté 2026-10-02;Tissage kiondo propre aux Kamba/Kikuyu;15,8–18 € (18–20,50 USD, MOQ 10–12);"https://africanscreative.com/product/african-kiondo/ ; https://www.adafit.co.ke/product/sisal-kiondo-bags-and-baskets-2/ consulté 2026-10-02 ; taux ESTIMATION 1 EUR = 1,14 USD (tradingeconomics.com/euro-area/currency, sept. 2026) et 1 EUR = 18,6 ZAR (exchangerates.org.uk/EUR-ZAR-exchange-rate-history.html, moy. sept. 2026)";"49–92,47 € (Anka 49–66 € ; Africabaie 92,47 €)";"https://www.africabaie.com/produit/sac-kiondo-africain/ ; https://marketplace.anka.africa/fr/article/kiondo-bag-african-bag-sisal-bag-leather-bag-kenyan-bag-handwoven-bag-woven-bag-shoulder-bags-yellow-cotton/VIQ4BDA consulté 2026-10-02";ESTIMATION 0,4–0,6;5–12;"OK à 92 € : rendu 21,3 € vs HT 77,1 € → 72 % ; KO à 66 € (61 %)";OK;"OK à 92 € (23 %) ; KO à 66 € (32 %)";OK;OK – APE UE-Kenya, 0 % depuis 07/2024 https://www.the-star.co.ke/news/2024-07-01-kenyan-exports-start-accessing-eu-market-duty-free;OK;OK – pas de marque FR établie;RETENU;"Sous condition prix ≥89 € (design, cuir premium) ; marge étroite"
C15;Dattes Deglet Nour premium (coffret);Algérie;"Algérie 2e producteur de Deglet Nour ; Algérie+Tunisie ≈90 % de l'offre";https://en.wikipedia.org/wiki/Deglet_Nour consulté 2026-10-02;Oasis de Tolga/Biskra;1,4–4,4 €/kg (FOB 2–5 USD/kg);"https://www.espaceagro.com/dates-deglet-nour/expGB-dates-deglet-nour.html consulté 2026-10-02 ; taux ESTIMATION 1 EUR = 1,14 USD (tradingeconomics.com/euro-area/currency, sept. 2026) et 1 EUR = 18,6 ZAR (exchangerates.org.uk/EUR-ZAR-exchange-rate-history.html, moy. sept. 2026)";"8,39 €/400 g coffret bio (Secadou) ; 6–16 €/kg";https://www.secadou.fr/products/datte-deglet-nour-de-tolga-algerie-equitable-selection-extra-biofrui1981 consulté 2026-10-02;0,4–1;ESTIMATION 1 t (conteneur);OK;KO;OK;KO – périssable (DLUO ESTIMATION ~12 mois) ;? préférence tarifaire accord UE-Algérie sur ex 0804 10 00 (contingent) https://www.bilaterals.org/IMG/pdf/EU-DZ_FTA_annexes-2.pdf;KO (volumes);KO – GMS et bio (Carrefour, Naturalia);ÉLIMINÉ;c2, c4, c6, c7
C16;Écharpe coton filé et tissé main (netela/gabi);Éthiopie;"Introuvable (artisanat) ; proxy : Sabahar, atelier Fair Trade Addis-Abeba depuis 20 ans";https://sabahar.com/collections/style-sabahar-handwoven-ethiopian-textiles consulté 2026-10-02;Coton filé main, métiers traditionnels;ESTIMATION 23,7 € (détail Sabahar 54 USD × 0,5 / 1,14) – prix gros non publié;https://sabahar.com/products/degu-handwoven-ethiopian-scarf consulté 2026-10-02;"Introuvable en FR ; proxy 47–54 € (détail Sabahar 54–62 USD)";https://sabahar.com/products/aaron-handwoven-ethiopian-cotton-scarf consulté 2026-10-02;ESTIMATION 0,2;? ;KO à 54 € : rendu 32 € vs HT 45 € → 29 %;OK;KO (59 %);OK;OK – EBA 0 %;?;? niche peu connue en FR;ÉLIMINÉ;c1 et c3 KO avec données disponibles (prix gros à obtenir)
C17;Panier agaseke tressé (sisal, couvercle);Rwanda;Introuvable;https://www.azizilife.com/agaseke-kamahoro-association/ consulté 2026-10-02;Vannerie emblématique, coopératives organisées;"ESTIMATION 23,7 € (détail coopérative 54 USD × 0,5 /1,14) ; FOB direct possible (Azizi Life)";https://www.azizilife.com/agaseke-kamahoro-association/ consulté 2026-10-02;34,99–44,99 € (La Case de Noudet);https://lacasedenoudet.com/panier-africain-colore-rwanda-01/ consulté 2026-10-02;ESTIMATION 0,3;?;KO (rendu 32 € vs HT 37,5 €);OK à 44,99 €;KO (71 %);OK;OK – EBA 0 %;?;? niche;ÉLIMINÉ;c1 et c3
C18;Panier tressé à couvercle (herbe + plastique recyclé);Sénégal;Introuvable;https://www.swahiliwholesale.com/collections/shop-all-senegal-baskets consulté 2026-10-02;Vannerie wolof (région de Thiès);21–30,7 € (24–35 USD, grossiste US – borne haute);"https://www.swahiliwholesale.com/collections/shop-all-senegal-baskets consulté 2026-10-02 ; taux ESTIMATION 1 EUR = 1,14 USD (tradingeconomics.com/euro-area/currency, sept. 2026) et 1 EUR = 18,6 ZAR (exchangerates.org.uk/EUR-ZAR-exchange-rate-history.html, moy. sept. 2026)";37,90–59 € (Corner Modern Store, Rivière Salée 49 €);"https://www.rivieresalee.store/rangement-deco/paniers/panier-tresse-en-vannerie-du-senegal.html ; https://cornermodernstore.fr/produit/panier-tresse-avec-couvercle-rangement-o245cm-h27cm/ consulté 2026-10-02";ESTIMATION 0,5–1 (volumineux);?;KO (rendu 28,4 € vs HT 49,2 € → 42 %);OK;KO (48 %);? volumineux;OK – EBA 0 % (Sénégal PMA);?;? ;ÉLIMINÉ;c1, c3 (prix usine direct non trouvé)
D01;Écharpe tissée 100 % baby alpaga (30×180 cm);Pérou;≈80 % de la fibre d'alpaga mondiale;"https://alpacadelperu.com.pe/en-us/alpacas-world/the-world-needs-alpaca-and-it-comes-from-peru ; https://www.promperu.us/about-alpaca (consulté 2026-10-02)";Premier producteur mondial de fibre d'alpaga + filature/tissage locaux (Arequipa);"15,41 € (16–19 USD, milieu 17,5 USD ; taux BCE 30/09/2026 1 € = 1,1355 USD (https://euro-rates.info/en/home/EUR/2026-09-30, consulté 2026-10-02))";"https://www.alibaba.com/showroom/baby-alpaca-scarf.html (« luxury 100% baby alpaca scarf » 16–19 USD, MOQ 24 ; origine fournisseur non vérifiée) consulté 2026-10-02";89,90 €;"https://www.esprit-nordique.fr/en/scarves-and-shawls/179-pure-baby-alpaca-scarves.html (89,90 € ; Alpacissimi 99–109 € https://alpacissimi.com/fr/collections/100-baby-alpaca-scarves) consulté 2026-10-02";0,2 (ESTIMATION : écharpe baby alpaga 30×180 cm 150–250 g);24 (Alibaba);"OK : coût rendu 20,81 € (ESTIMATION ×1,35) ; HT 74,92 € ; marge 72,2 %";OK : 89,90 € ≥ 40 €;"OK (limite) : 23,1 % du TTC ; KO si prix usine 19 USD (25,1 %)";OK : ~0,2 kg, textile non fragile;OK : Accord commercial UE–Colombie/Pérou/Équateur (souvent 0 %);OK : 24;OK : offre FR fragmentée (Maison de l'Alpaga, Alpacissimi, Esprit Nordique), pas d'acteur dominant;RETENU;"Tous critères OK ; marge c3 étroite → négocier ≤17 USD et vérifier origine Pérou (fournisseur arequipeño type Incalpaca/Michell)"
D02;Plaid 100 % baby alpaga 130×180 cm;Pérou;≈80 % de la fibre d'alpaga mondiale;https://alpacadelperu.com.pe/en-us/alpacas-world/the-world-needs-alpaca-and-it-comes-from-peru (consulté 2026-10-02);"Avantage matière + tissage ; segment déco premium";"39,63 € (40–50 USD, milieu 45 USD, fournisseurs péruviens ; taux BCE 30/09/2026 1 € = 1,1355 USD (https://euro-rates.info/en/home/EUR/2026-09-30, consulté 2026-10-02))";"https://www.alibaba.com/showroom/baby-alpaca-blankets.html (Pérou : plaids baby alpaga faits main 40–50 USD MOQ 6 ; autres offres 76 USD et 110 USD MOQ 100) consulté 2026-10-02";259 €;"https://www.greige.fr/products/plaid-en-laine-baby-alpaca (259 € ; Plaid-Addict dès 179 € https://www.plaid-addict.com/10-plaid-alpaga) consulté 2026-10-02";0,5–0,55;6 à 100;"OK : coût rendu 53,50 € ; HT 215,83 € ; marge 75,2 %";OK : 259 €;"? : 20,7 % à 45 USD ; KO à 76 USD (34,9 %) → devis ≤ 55 USD indispensable";OK : 500–550 g (https://www.amazon.com/Sweet-Dreams-Home-Single-size-Silkiness/dp/B09B5JGVR5 consulté 2026-10-02);OK : Accord commercial UE–Colombie/Pérou/Équateur (souvent 0 %);OK : 6–100;OK : nombreuses boutiques (Plaidissimo, Plaid-Addict, Greige) mais aucune dominante;RETENU;"Retenu sous réserve d'un devis 100 % baby alpaga ≤ 55 USD ; ticket élevé = stock immobilisé (100 u ≈ 5 350 € rendu)"
D03;Bonnet maille baby alpaga adulte;Pérou;≈80 % de la fibre d'alpaga mondiale;https://www.promperu.us/about-alpaca (consulté 2026-10-02);"Tricot alpaga = savoir-faire péruvien ; complément naturel de D01";"8,81 € (proxy 10 USD gros, 100 % alpaga ; taux BCE 30/09/2026 1 € = 1,1355 USD (https://euro-rates.info/en/home/EUR/2026-09-30, consulté 2026-10-02))";"https://www.peruvianfairtrade.com/hats-beanies/ (bonnet 100 % alpaga 6,50 USD prix producteur / 10 USD gros ; listé enfant → PROXY, adulte baby alpaga probablement plus cher) consulté 2026-10-02";56 €;"https://sweetalpaga.com/fr/femme/bonnet-alpaga (56–75 € ; Maison de l'Alpaga 38–50 € https://www.lamaisondelalpaga.com/fr/34-bonnets-en-alpaga) consulté 2026-10-02";0,1 (ESTIMATION bonnet maille);24 (paliers de remise dès 24 u);"OK : coût rendu 11,89 € ; HT 46,67 € ; marge 74,5 %";OK : 56 € (bundle écharpe+bonnet ≈ 140 €);OK : 21,2 % (reste OK jusqu'à ≈11,8 € usine soit ≈13,4 USD);OK;"OK : Accord commercial UE–Colombie/Pérou/Équateur (souvent 0 %) ; produit adulte uniquement (pas de gamme enfant)";OK : 24–100;OK : marché fragmenté, saisonnier;RETENU;"OK sur tous critères ; prix usine adulte baby alpaga à confirmer par devis ; forte saisonnalité (oct.–fév.)"
D04;Chaussettes alpaga;Pérou;≈80 % de la fibre d'alpaga mondiale;https://www.promperu.us/about-alpaca (consulté 2026-10-02);Matière péruvienne;"7,00 € (7,95 USD/paire ; taux BCE 30/09/2026 1 € = 1,1355 USD (https://euro-rates.info/en/home/EUR/2026-09-30, consulté 2026-10-02))";https://peruvianlink.com/collections/wholesale-socks consulté 2026-10-02;27,50 €;https://www.bleuforet.fr/fr/1437-chaussettes-femme-alpaga (19–27,50 €) consulté 2026-10-02;0,06 (ESTIMATION);100–500 paires;"KO : coût rendu 9,45 € ; HT 22,92 € ; marge 58,8 %";KO : 27,50 € < 40 € (lot de 2 possible);KO : 34,4 %;OK;OK : Accord commercial UE–Colombie/Pérou/Équateur (souvent 0 %);OK;KO : Bleu Forêt, Labonal (made in France) installés;ÉLIMINÉ;Marge, panier et coût rendu KO
D05;Chapeau Panama toquilla (Cuenca, grade standard/supérieur);Équateur;"≈100 % des vrais Panama en paille toquilla (origine exclusive Équateur) ; ~107 M USD d'export sur 10 ans";"https://en.wikipedia.org/wiki/Panama_hat ; https://generalairsa.com/en/caida-del-36-en-la-exportacion-de-sombreros-de-paja-toquilla-se-recupera-y-proyecta-alza-del-20/ (consulté 2026-10-02)";"Savoir-faire UNESCO (2012), matière endémique ; copies chinoises en papier ≠ toquilla";"13,21–26,41 € (15 USD basique à 29,99 USD milieu de gamme ; taux BCE 30/09/2026 1 € = 1,1355 USD (https://euro-rates.info/en/home/EUR/2026-09-30, consulté 2026-10-02))";"https://montecuadorhats.com/tienda/offers-promotions/men-2/panama-hat-toquilla-straw-traditional-lot/ ; https://montecuadorhats.com/wholesale-orders/ (15–39,99 USD, cartons de 12) consulté 2026-10-02";139 €;"https://monchapeaupanama.com/fr/2-accueil (dès 139 € ; Chapellerie Victor 129–369 € https://chapellerievictor.fr/43-panama) consulté 2026-10-02";0,1 chapeau + carton ≈0,4 (ESTIMATION);12 par modèle;"OK : HT 115,83 € ; marge 84,6 % (15 USD) à 69,2 % (29,99 USD)";OK : 139 €;"? : 12,8 % à 15 USD ; 25,6 % (KO) à 29,99 USD → seuil usine ≈29,2 USD";"? : léger mais encombrant, bord à protéger (carton rigide) ; non périssable";OK : Accord commercial UE–Colombie/Pérou/Équateur (souvent 0 %);OK : 12;OK : chapelleries multimarques, pas de marque DTC dominante;RETENU;"Retenu si prix usine ≤ 29 USD à qualité « grade 3-4 » ; saisonnalité estivale ; emballage carton = coût logistique"
D06;T-shirt coton Pima 180 g;Pérou;"Part non trouvée ; Pérou = 1 des 3 producteurs commerciaux de Pima (avec USA, Australie)";https://www.oneaimapparel.com/blog/clothing-manufacturing-in-peru/ (consulté 2026-10-02);Fibre ELS + ateliers Lima/Arequipa;"8,63 € (9,80 USD FOB, MOQ 300 ; taux BCE 30/09/2026 1 € = 1,1355 USD (https://euro-rates.info/en/home/EUR/2026-09-30, consulté 2026-10-02))";https://www.oneaimapparel.com/blog/clothing-manufacturing-in-peru/ consulté 2026-10-02;39–65 €;https://www.pitumarka.com/etiquette-produit/t-shirt-homme/ consulté 2026-10-02;0,2 (ESTIMATION);300 (Gamarra 50–100);"? : coût rendu 11,65 € ; marge 78,5 % à 65 € mais 64,2 % (KO) à 39 €";OK si ≥ 40 € (bundle);"OK : 17,9 % à 65 € ; 29,9 % à 39 €";OK;OK : Accord commercial UE–Colombie/Pérou/Équateur (souvent 0 %);OK : 300 ≤ 500;KO : T-shirt premium saturé en France;ÉLIMINÉ;"Marché T-shirt premium saturé ; marge KO à prix d'entrée"
D07;Sac mochila Wayuu;Colombie;"Part non trouvée ; artisanat Wayuu propre à La Guajira (Colombie/Venezuela) ; export mochilas 1,7 M USD au S1 2022";https://procolombia.co/sala-de-prensa/noticias/las-mochilas-wayuu-y-arhuacas-que-cautivan-europa (consulté 2026-10-02);Savoir-faire autochtone unique;"32,50 € (36,90 USD uni) ; 74,77 € (84,90 USD premium) ; taux BCE 30/09/2026 1 € = 1,1355 USD (https://euro-rates.info/en/home/EUR/2026-09-30, consulté 2026-10-02)";https://www.productosdecolombia.com/en/category/colombian-craftmanship/purses-and-handbags/colombian-wayuu-mochilas-online-sale/one-color-wayuu-mochilas/ consulté 2026-10-02;59–160 €;"https://www.mochilaswayuu.fr/ (dès 59 €) ; https://wayuu-boutique.fr/produit/mochila-wayuu-soledad/ (160 €) consulté 2026-10-02";0,4 (ESTIMATION);1–12;KO : uni rendu 43,87 € vs HT 49,17 € (10,8 %);OK;"KO : 74 % (uni à 59 €) ; 63 % (premium 100,94 € vs 160 €)";OK;OK : Accord commercial UE–Colombie/Pérou/Équateur (souvent 0 %);OK;KO : nombreuses boutiques FR spécialisées;ÉLIMINÉ;"Coût rendu/marge KO (tissage 20+ jours/pièce) ; marché FR déjà occupé"
D08;Hamac maya nylon tissé main (matrimonial);Mexique;"Part non trouvée ; Tixkokob (Yucatán) leader de la fabrication";https://www.poresto.com/yucatan/2020/7/5/tixkokob-lider-en-la-elaboracion-de-hamacas-en-yucatan.html (consulté 2026-10-02);Tissage maya;"586 MXN (prix de détail Mexique, PROXY usine ; conversion € non sourcée)";https://www.hamacasyucatecas.com/MLM-1466349196-hamaca-yucateca-nylon-color-arcoiris-_JM consulté 2026-10-02;89–219 €;"https://www.tropical-hamac.com/fr/57-hamac-grand-luxe-mexicain ; https://hamac-boutique.fr/shop/hamac-mexicain-en-276p.html consulté 2026-10-02";1,2–1,8 (ESTIMATION non sourcée, taille matrimoniale);non trouvé (mayoreo sur demande);? (conversion non sourcée);OK;?;KO : > 1 kg probable (ESTIMATION);OK : accord global UE–Mexique;?;? : spécialistes FR (Hamac del Sol, Tropical Hamac);ÉLIMINÉ;"Poids > 1 kg probable ; forte saisonnalité ; à revoir seulement en taille « individuelle »"
D09;Porte-cartes / portefeuille cuir pleine fleur;Mexique (León);"Part mondiale non trouvée ; León = 1er centre du cuir au Mexique";https://customleatherhandbags-manufacturer.com/the-leather-market-leather-goods-shops-in-leon-guanajuato/ (consulté 2026-10-02);Filière cuir intégrée mais sans avantage mondial (Italie/Espagne/Inde);"6,16 € (2,99–7,00 USD, haut de fourchette ; taux BCE 30/09/2026 1 € = 1,1355 USD (https://euro-rates.info/en/home/EUR/2026-09-30, consulté 2026-10-02))";"https://www.go4worldbusiness.com/suppliers/mexico/leather-wallets.html ; MOQ 100 https://www.vianala.com/handbags-manufacture-mexico-2/ consulté 2026-10-02";59,90 €;https://melisac.fr/collections/porte-carte consulté 2026-10-02;0,1;100;"OK : rendu 8,32 € ; HT 49,92 € ; marge 83,3 %";OK;OK : 13,9 %;OK;OK : accord global UE–Mexique;OK : 100;KO : très saturé (Melisac, Hexagona, Arthur Aston, nombreux DTC);ÉLIMINÉ;Marché saturé, pas d'avantage pays différenciant
D10;Housse de coussin tissée main (métier à sangle);Guatemala;"Part non trouvée ; ex. coopérative Trama : 400 tisserandes, 17 coopératives";https://en.wikipedia.org/wiki/Trama_Textiles (consulté 2026-10-02);Tissage maya au métier à sangle;"33,82 € (PROXY 38,40 USD, prix public remisé MayanFT, prix usine introuvable ; taux BCE 30/09/2026 1 € = 1,1355 USD (https://euro-rates.info/en/home/EUR/2026-09-30, consulté 2026-10-02))";https://mayanft.com/shop/en/home/92-guatemalan-upcycled-huipil-pillow-cover.html consulté 2026-10-02;35–58 €;"https://oua-concept.com/coussins-artisanaux-et-ethniques/391-housse-de-coussin-herminia-50x50-cm-guatemala-afroart.html (58 €) ; https://mayarte.com/housse-de-coussin/20-housse-de-coussin.html consulté 2026-10-02";0,3 (ESTIMATION);non trouvé;KO : rendu 45,66 € vs HT 48,33 €;OK : 58 €;KO : 78,7 %;OK;OK : accord d'association UE–Amérique centrale;?;? : niche;ÉLIMINÉ;Coût artisanal trop élevé vs prix FR observé (proxy à confirmer)
D11;Housse de couette lin lavé;Lituanie;"4e exportateur mondial de fil de lin (17,7 M USD) ; 2,7 % des exports mondiaux de lin (2011) ; lin brut importé (France/Belgique)";"https://www.worldatlas.com/articles/the-world-s-largest-exporters-of-flax-yarn.html ; https://llufb.llu.lv/conference/economic_science_rural/2014/ESRD_34_2014_Productions-92-100.pdf (consulté 2026-10-02)";Filature/tissage lin (Siulas, Linas), mais matière d'origine française;non trouvé (Unique Linen : MOQ 15/modèle, commande min. 2 000 €);https://www.uniquelinen.com/pages/wholesale consulté 2026-10-02;147–210 €;"https://www.blanc-cerise.com/collections/housse-couette-lin ; https://www.bonsoirs.com/fr-fr/collections/linge-de-lit-lin consulté 2026-10-02";1,8 (ESTIMATION : 240×220 cm ×2 faces = 10,56 m² × 170 g/m²);15 / modèle;?;OK;?;KO : ≈1,8 kg;OK : marché unique UE (pas de droits);OK : 15;KO : très saturé (Bonsoirs, Blanc Cerise, La Redoute, Carré Blanc);ÉLIMINÉ;"Poids > 1 kg et marché saturé ; avantage pays faible (lin français)"
D12;Étole / écharpe mérinos tricotée;Uruguay;"3e exportateur mondial de tops de laine lavée/peignée (12 %) ; 4e en volume selon Uruguay XXI";"https://gatewaytosouthamerica-newsblog.com/processed-uruguayan-wool-coveted-european-manufacturers/ ; https://www.uruguayxxi.gub.uy/en/news/article/uruguayan-wool-for-export/ (consulté 2026-10-02)";Avantage sur la fibre/tops, peu sur le produit fini (tricoté en Italie/Chine);non trouvé (Manos del Uruguay : étole au détail 125 USD);https://manos.uy/apparel/shawls-and-scarves consulté 2026-10-02;non relevé;non relevé;0,15 (ESTIMATION);non trouvé;?;?;?;OK;? : pas d'accord UE–Mercosur confirmé ici (à vérifier);?;KO : écharpes laine/mérinos omniprésentes, différenciation pays faible;ÉLIMINÉ;"Avantage uruguayen = matière première, pas produit fini ; données prix insuffisantes"
D13;Coffret bâtons de palo santo (≈100 g);Pérou / Équateur;"Part non trouvée ; Pérou et Équateur dominent la production commerciale";https://en.wikipedia.org/wiki/Bursera_graveolens (consulté 2026-10-02);Bois de forêt sèche, collecte bois tombé (permis SERFOR);"1,94 € / 100 g (22 USD/kg par 20 kg ; taux BCE 30/09/2026 1 € = 1,1355 USD (https://euro-rates.info/en/home/EUR/2026-09-30, consulté 2026-10-02))";https://palosantopremium.com/palo-santo-wholesale/ consulté 2026-10-02;18,90 €;"https://www.naturellement-bio.com/collections/palo-santo (coffret 18,90 €) ; Nature & Découvertes coffret 39 € https://www.natureetdecouvertes.com/v/palo-santo consulté 2026-10-02";0,1;5–20 kg;OK : rendu 2,61 €;KO : < 40 €;OK : 13,8 %;OK;? : encens/parfum d'ambiance, proche du bakhoor déjà écarté;OK;KO : Nature & Découvertes, Cdiscount, prix bas;ÉLIMINÉ;Panier < 40 €, risque durabilité/greenwashing, catégorie assimilable à l'encens écarté
D14;Sandales cuir artisanales;Grèce;Part non trouvée;non trouvé;Tradition d'ateliers athéniens/insulaires;non trouvé (prix de gros Faire réservé aux pros);https://www.faire.com/discover/greek-sandals consulté 2026-10-02;39,90–99 €;"https://photyne.com/sandales-grecques-artisanales/ ; https://www.yamasboutique.com/collections/sandales consulté 2026-10-02";0,4 (ESTIMATION);non trouvé;?;OK;?;OK;OK : marché unique UE;? : 8–10 pointures par modèle;KO : Ancient Greek Sandals + DTC FR déjà présents (Girlhood, Yamas, Photyne);ÉLIMINÉ;"Marché occupé par des marques franco-grecques ; gestion des tailles"
D15;Boucles d'oreilles / collier en capim dourado (or végétal);Brésil;≈100 % : la plante pousse exclusivement dans la région du Jalapão;https://treasuresofbrazil.co.uk/products/golden-grass-clutch-bag (consulté 2026-10-02);Matière endémique, récolte réglementée (sept.–nov.);"R$ 49–179 (boucles, prix de gros ARTECAPIM, commande min. R$ 300 ; conversion € non sourcée)";"https://artesascapimdourado.blogspot.com/ ; https://brasilcapimdourado.com.br/brincos-capim-dourado/brincos-de-capim-dourado/ consulté 2026-10-02";"39 € (boucles) ; 60–125 € (colliers)";"https://dorinor.com/collections/bijoux-or-vegetal-capim-dourado ; https://orvegetal.fr/ consulté 2026-10-02";0,05;R$ 300 / commande;? (conversion non sourcée);"KO pour boucles (39 €) ; OK pour colliers";"KO probable pour boucles ; ? colliers";OK;? : pas d'accord UE–Mercosur confirmé ici;OK;? : niche, plusieurs petites boutiques FR (Or Végétal, Dorinor, Art d'Amazonie);ÉLIMINÉ;"Boucles : panier < 40 € ; à réexaminer en colliers/sacs avec devis € ; volume artisanal limité"
D16;Blouse roumaine brodée main (ie);Roumanie;Part non trouvée (patrimoine culturel roumain);non trouvé;Broderie traditionnelle, ~1 mois de travail par blouse;non trouvé;https://fr.fashionnetwork.com/news/Entre-vuitton-et-des-artisans-roumains-la-blouse-de-la-discorde,1649323.html consulté 2026-10-02;232–400 €;"https://www.ieromaneasca.com/fr/chemises-roumaines/blouses-roumaines-faits-a-la-main-ia ; FashionNetwork (300–400 €) consulté 2026-10-02";0,3 (ESTIMATION);pièce unique;?;OK;?;OK;OK : marché unique UE;KO : production pièce par pièce (≈1 mois), pas de MOQ industriel;? : sensibilité culturelle (campagnes « La Blouse Roumaine »);ÉLIMINÉ;"Capacité de production incompatible avec une marque ; risque d'appropriation"
