type,nom,ville_pays,url,prix,moq_ou_minimum,delai,contact_public,statut_verification,consulte_le
fournisseur_produit,Taizhou Eego Industry And Trade Co. Ltd.,"Taizhou, Zhejiang, Chine",https://www.alibaba.com/product-detail/A5-A6-Leather-Loose-Leaf-Refill_1600809910953.html,"3,85 $ (50-99 p) ; 3,65 $ (100-299) ; 3,35 $ (≥300)",50,"15 jours de production (1-500 p) + express 3-6 j",Messagerie Alibaba (bouton Contact Supplier de la fiche),fiche ouverte ; cuir véritable annoncé sans précision de fleur ; échantillons gratuits annoncés,2026-10-03
fournisseur_produit,Huizhou Weiding Stationery Products Co. Ltd.,"Huizhou, Guangdong, Chine",https://www.alibaba.com/product-detail/Custom-Genuine-Leather-A5-Diary-Cover_1601812509058.html,"7,22 $ (50-499 p) ; 6,55 $ (500-1 999) ; échantillon 25 $",50,"expédition moyenne 15 j ; 0,300 kg/u",Messagerie Alibaba,fiche ouverte ; 12 ans sur Alibaba ; 4,8/5 (6 avis),2026-10-03
fournisseur_produit,Guangzhou Chaoniu Technology Co. Ltd.,"Guangzhou, Guangdong, Chine",https://www.alibaba.com/product-detail/Handmade-Custom-Made-A5-A6-Notebook_1601204602891.html,"9,45-12,90 $ ; échantillon 60 $",3,"production 15-25 j ; échantillon 7-10 j ; 0,490 kg/u",Messagerie Alibaba,fiche ouverte ; cuir pleine fleur crazy horse ; option montée en gamme,2026-10-03
fournisseur_produit,ADIMANI ENTERPRISES,Inde,https://www.alibaba.com/product-detail/Genuine-Leather-Diary-Cover-A5-Refillable_10000019428087.html,10 $,25,non publié,Messagerie Alibaba,vu en page de résultats (extrait) ; 4,9/5 (6 avis),2026-10-03
perso_outil,Decocuir — presse de marquage à chaud manuelle 110 W,France (vente en ligne),https://www.decocuir.com/en/collections/presse-marquer-chaud-cuir,"~89,90 €",1,livraison standard,site marchand,extrait (non ouvert),2026-10-03
perso_outil,AM Marquage Cuir — alphabet laiton 26 capitales 4 mm,France (vente en ligne),https://www.am-marquagecuir.com/pages/alphabets,"46,58 €",1,livraison standard,site marchand,extrait (non ouvert),2026-10-03
perso_prestataire,Rue de la Gravure,"58 sente du Pré, 95320 Saint-Leu-la-Forêt",https://ruedelagravure.fr/,"série dès 1 €/pièce ; objet personnel 30 €",sur rendez-vous,réponse sous 7 j (extrait),formulaire du site,extrait,2026-10-03
perso_prestataire,Ateliers Draft (fablab),"12 esplanade Nathalie Sarraute, 75018 Paris",https://ateliers-draft.com/,"laser 15 € TTC la demi-heure ; carnet 5 h = 120 € ; adhésion 30 €/an","formation laser requise (1 jour 840 € TTC selon extrait)",immédiat sur réservation,site,extrait — vérifier si une formation courte suffit,2026-10-03
perso_prestataire,Villette Makerz,"Parc de la Villette, 75019 Paris",https://villettemakerz.com/tarifs/,"laser 40 €/h après formation ; journée coworking 30 €",formation autonomie obligatoire,sur réservation,site,page lue par sous-agent,2026-10-03
perso_prestataire,leWORKSHOP (dorure / marquage à chaud),"Nouvelle Athènes, 75009 Paris",https://www.leworkshop-paris.com/personnalisation-dorure-marquage-a-chaud/,sur devis,sur rendez-vous,non publié,06 13 51 17 18 (site),extrait,2026-10-03
perso_prestataire,Atelier Poisat (dorure main),"129 rue du Faubourg du Temple, 75010 Paris",https://www.poisat.com/fr,commandes personnalisées à partir de 220 € (extrait),220 €,sur devis,01 48 87 49 73,extrait,2026-10-03
emballage,Cartonnage Raux — boîte extra-plate A5 21×15×5 cm,France (vente en ligne),https://cartonnage-raux-packaging.fr/boutique-en-ligne/expedition/boites-dexpedition/boite-carton-extra-plate/boite-carton-extra-plate-format-a5-21x15x5-cm-lot-de-50/,"0,55 € HT/u (lot de 50)",50,non publié,site marchand,extrait,2026-10-03
transport,Mondial Relay — Offre Start (point relais),France,https://www.mondialrelay.fr/solutions-professionnels/nos-offres-ecommercants/offre-start,"≤500 g : 3,42 € HT ; ≤1 kg : 3,76 € HT (0-9 colis/mois)",sans engagement,3 j ouvrés,compte pro en ligne,page lue par sous-agent — RETENU,2026-10-03
transport,La Poste Colissimo (tarif public = tarif pro en ligne),France,https://www.laposte.fr/tarif-colissimo,"≤500 g : 7,59 € domicile / 6,89 € point retrait ; ≤1 kg : 9,59 € / 8,89 € ; signature +3,30 €",aucun,J+2,laposte.fr,page lue par sous-agent ; contrat Colissimo Entreprise pertinent vers ~150 colis/mois (extrait),2026-10-03
transport,Boxtal (agrégateur + appli Shopify gratuite),France,https://www.boxtal.com/fr/fr/preuves/transporteurs/mondial-relay,"Mondial Relay dès 3,04 € HT ; Colissimo domicile ~7,50 € (extraits)",aucun,selon transporteur,site,extrait,2026-10-03
transport,Sendcloud,Europe,https://apps.shopify.com/sendcloud,"Lite ~28-35 €/mois ; Colissimo point retrait 0-250 g dès 5,14 € (extraits)",abonnement,selon transporteur,site,extrait — trop cher pour le test,2026-10-03
transport,Packlink Pro,Europe,https://pro.packlink.fr/tarifs/,"gratuit ; Mondial Relay dès 2,89 € sur offre Plus 25 € HT/mois (extrait)",aucun,selon transporteur,site,extrait,2026-10-03
transport,Shippingbo (OMS/WMS, pas un transporteur),France,(URL non vérifiée dans cette session),"39 €/mois à 499 €/mois (extrait)",abonnement,—,site,extrait — surdimensionné pour 50 pièces,2026-10-03
