statut_produit;produit;fournisseur;ville;pays;site;contact_public;moq;prix_fob_usd;delai_production;certifications;marque_blanche;source;notes
Kimono (RECOMMANDÉ);Kimono coton imprimé bloc main (gamme kimonos/robes);Moharis;Jaipur (Rajasthan);Inde;https://moharis.com/wholesale/;info@moharis.com (formulaire en ligne, réponse annoncée 24-48 h);20 pièces par style/design (mix styles/coloris négociable);"Introuvable (sur demande) ; proxy marché IndiaMART Jaipur 5,1-8,5 USD/pièce EXW";4-6 semaines après confirmation et validation de l'échantillon;"Aucune certification propre affichée ; « certificats GOTS, REACH, fair-trade sourcés sur demande » (déclaratif)";"Oui : couleurs, imprimés, tissu (voile, cambric, coton bio), tailles, étiquettes, packaging, développement de motifs d'après vos dessins ; design gratuit sur commandes en quantité";https://moharis.com/wholesale/ (consulté 2026-10-02 via Firecrawl);"Meilleur fit MOQ/budget ; atelier d'impression bloc en propre ; motifs exclusifs possibles (gravure de blocs à chiffrer) ; exiger un rapport azoïques EN ISO 14362-1"
Kimono (RECOMMANDÉ);Robe/kimono et tissu imprimé bloc sur coton bio GOTS (CMT complet);Mehera Shaw Textiles;Jaipur (unité d'impression à Sanganer);Inde;https://meherashaw.com/pages/manufacture;vishal@meherashaw.com;"Vêtements : 500 pcs par commande ET 50 pcs/style (jusqu'à 3 tailles) ; tissu imprimé : 300 m/imprimé";"Introuvable (sur devis) ; ESTIMATION 9-14 USD (méthode : prix IndiaMART 5-8,5 USD + prime 30-60 % bio GOTS/fair trade, non vérifié)";Introuvable sur la page (à demander);"WFTO membre garanti n°1047 ; coton bio certifié GOTS ; colorants sans azoïques (déclaré)";"Oui : CMT, patronage, échantillonnage, petites/moyennes séries ; dessins maison ou du client";http://meherashaw.com/pages/manufacture (consulté 2026-10-02 via Firecrawl);"Seul fournisseur trouvé avec WFTO + GOTS vérifiés = argument premium ; MOQ total 500 pcs = plafond du critère c6"
Kimono (RECOMMANDÉ);Vêtements et tissus imprimés bloc main (CMT, gravure de blocs);Shivalaya;Jaipur;Inde;https://www.shivalayajaipur.com/manufacturing;"Formulaire du site ; « Designer Guidelines » (MOQ détaillés) sur demande";Introuvable publiquement (dans les Designer Guidelines);Introuvable (sur devis);"Échantillon 4-6 semaines ; production 7-10 jours ouvrés (plus si gros volume) ; DHL Express 5-8 jours ouvrés";"« Fair trade » déclaré (aucun numéro WFTO trouvé) ; promotion du coton bio";Oui : CMT complet pour créateurs/marques, gravure de blocs pour motifs sur mesure;https://www.shivalayajaipur.com/manufacturing (extrait moteur de recherche, consulté 2026-10-02);"Depuis 1991 ; délais de production les plus courts trouvés ; gravure de blocs = motifs réellement exclusifs"
Kimono (RECOMMANDÉ);Kimono coton imprimé bloc (beachwear/peignoir);Meera Handicrafts;Jaipur;Inde;https://www.indiamart.com/proddetail/block-printed-kimono-robe-22059597133.html;"Via IndiaMART ; site https://www.meerahandicrafts.in";Non affiché sur la fiche au 2026-10-02 (extrait moteur antérieur : 50 pcs);"5,1 USD (₹450/pièce affiché, EXW) ; version courte ₹550, ancienne annonce ₹750 ; conversion ESTIMATION 1 USD = 88 INR";Introuvable;"Aucune affichée ; GST enregistré 2018, établi 2014, fabricant";Oui : « nous réalisons vos designs et des vêtements à la demande »;https://www.indiamart.com/proddetail/block-printed-kimono-robe-22059597133.html (consulté 2026-10-02 via Firecrawl);"Exporte USA/UK/Australie/Canada (extrait moteur) ; finitions à vérifier sur échantillon ; prix plancher du marché"
Kimono (RECOMMANDÉ);Kimono coton imprimé bloc (taille unique);Om Shiva Exports;Jaipur (Amer Road);Inde;https://www.omshivaexports.com/cotton-bathrobe.html;"+91-8047663326 (numéro IndiaMART) ; P No 31 Jagdish Colony, Mount Road, Amer Road, Jaipur 302002";20 pièces;"5,7 USD (Rs 500/pièce, EXW) ; conversion ESTIMATION 1 USD = 88 INR";"« 1 jour » affiché (stock) ; délai sur mesure introuvable";Aucune affichée;Probable (fabricant déclaré), non confirmé;https://www.omshivaexports.com/cotton-bathrobe.html (consulté 2026-10-02 via Firecrawl);"Plutôt catalogue/stock que développement exclusif ; utile pour échantillons rapides et test de coupe"
Kimono (RECOMMANDÉ);Tissu imprimé bloc sur mesure + confection (kurtis, ready-to-wear);Shree Srishti Textile;Sanganer, Jaipur;Inde;https://srishtitextile.com/pages/custom-fabric-printing-services-jaipur;"+91 7877485921 ; +91 8947827643 (WhatsApp)";100 m par design/coloris (impression sur mesure);Introuvable (sur devis);"Introuvable ; échantillonnage prototype payant";"Colorants/pigments sans azoïques (déclaré) ; GOTS/OEKO-TEX non mentionnés";"Oui : étiquetage marque, packaging retail, OEM ; tests retrait et solidité couleurs";https://srishtitextile.com/pages/custom-fabric-printing-services-jaipur (consulté 2026-10-02 via Firecrawl);Kimono non listé : pour imprimer un motif exclusif (100 m ≈ 35-40 kimonos, ESTIMATION 2,5-3 m/kimono long) puis confection chez un atelier CMT
Kimono (RECOMMANDÉ);Kimono coton imprimé (tigre, floral);Dhanlaxmi Handicrafts (Alibaba);Introuvable (Inde, ville non visible dans l'extrait);Inde;https://www.alibaba.com/product-detail/Wholesale-Indian-Cotton-Tiger-Print-Kimono_11000010801220.html;Messagerie Alibaba;10 pièces;"19,99 USD (2-9 pcs) ; 16,99 USD (10-24) ; 15,99 USD (25+)";Introuvable;Aucune affichée;Introuvable;"Extrait moteur de recherche de la fiche Alibaba (consulté 2026-10-02 ; page non ouverte)";"Prix ≈3× IndiaMART : repère haut seulement ; intérêt = Trade Assurance"
Kimono (RECOMMANDÉ);Kimono imprimé bloc main (bleu, rouge, gris);Legacy Fabrics;Sanganer Road, Jaipur;Inde;https://www.exportersindia.com/legacy-fabric/about-us.htm;Via ExportersIndia;Introuvable;Introuvable;Introuvable;"Aucune affichée ; actif depuis 2005";Introuvable;https://www.exportersindia.com/legacy-fabric/about-us.htm (extrait moteur de recherche, consulté 2026-10-02);"Fabricant-exportateur de kimonos imprimés bloc ; à qualifier par demande de devis"
Kimono (RECOMMANDÉ);Kimono imprimé bloc main;Bhavya International;Jaipur;Inde;https://dir.indiamart.com/jaipur/kimono-robe.html;Via IndiaMART;Introuvable;"7,4 USD (₹650/pièce « Kimono Hand Block Printed », EXW) ; conversion ESTIMATION 1 USD = 88 INR";Introuvable;Introuvable;Introuvable;https://dir.indiamart.com/jaipur/kimono-robe.html (consulté 2026-10-02 via Firecrawl);Annuaire IndiaMART Jaipur : 2 annonces « block print » sur 10 (Shoprockers ₹499, Bhavya ₹650), le reste = kantha, tie-dye, velours
Taie soie (secours 1);Taie d'oreiller 100% soie de mûrier 6A 16/19/22 momme;Hangzhou Zhigeng Silk Co., Ltd.;Hangzhou (Yuhang);Chine;https://www.silkhomewear.com/silk-pillowcase/;robin@customprintscarf.com / +86-571-88612809 / +86-13157118893 (site officiel) - fiche Made-in-China contact Miss Nicole;100 pcs par modèle (50 pcs possible pour couleurs spéciales);15.00-18.00 (prix affiché Made-in-China);~15 jours selon site / hors saison 1 mois - haute saison 1-3 mois (Made-in-China) - échantillon 3-7 j;OEKO-TEX Standard 100 + BSCI + SEDEX + SGS + Intertek (site) - fournisseur audité BV (Made-in-China);Oui (OEM logo + étiquettes + impression);https://silkshowing.en.made-in-china.com/product/lFdTbouEZMVx/China-Luxury-6A-Grade-16-19-22-Momme-Mulberry-Silk-Pillowcase.html + https://www.silkhomewear.com/silk-pillowcase/ (consultés 2026-10-02);Fabricant. Capacité 50 000 pcs/mois annoncée. Tailles 51x66/51x76/51x91 + sur mesure. Fermeture enveloppe ou zip invisible. MOQ couleur Pantone sur tissu = 200 m. Fait aussi foulards/masques.
Taie soie (secours 1);Taie d'oreiller soie de mûrier 6A 16/19/22/25 momme (stock et custom);Suzhou Taihu Snow Silk Co., Ltd.;Suzhou (Jiangsu);Chine;https://taihusnow.com/;carol@taihusnow.com / tél-WhatsApp-WeChat +86-13584970970 (site officiel);50 pcs (modèle stock 22 mm) / 100 pcs par design (custom);13.86-24.95 par pièce affiché - 10-20 en volume (négociable);Stock: 3-5 j / custom: production+QC 15-30 j + échantillon 7 j;OEKO-TEX Standard 100 + ISO + SEDEX + GRS + BSCI (affichés sur fiche produit);Oui (étiquette tissée/soin + broderie + boîte cadeau + pochette);https://taihusnow.com/Stock-22mm-luxury-100-Mulberry-Silk-Envelope-Pillowcase-pd42764891.html + https://taihusnow.com/wholesale-silk-pillowcase.html (consultés 2026-10-02);Fabricant fondé en 2002 (page about-us) et présenté comme société cotée. Gamme d'extension disponible chez le même fournisseur: chouchous (https://taihusnow.com/silk-scrunchies.html) + masques + bonnets + kit voyage. Prix FOB Suzhou/Shanghai.
Taie soie (secours 1);Taie d'oreiller soie de mûrier 22/25 momme;Shaoxing City Xinlan Textile Co., Ltd.;Shaoxing (Zhejiang);Chine;https://shaoxingxinlan.en.made-in-china.com/;Via messagerie Made-in-China (contact affiché: Miss Helen);100 pcs (la fiche mentionne aussi 200 pcs) - autre fiche 16/19/22 mm MOQ 50 pcs;15.00 (100-499 pcs) / 14.50 (500-999) / 14.00 (1000+);Hors saison: sous 15 jours ouvrés / haute saison: 1 mois;OEKO-TEX: non indiqué sur la fiche (à exiger avec n° de certificat);Non indiqué sur la fiche (à confirmer);https://shaoxingxinlan.en.made-in-china.com/product/tZVGEvUyYnWH/China-Wholesale-Mulberry-22-25-Momme-Silk-Pillowcase.html (consulté 2026-10-02);Type déclaré: Manufacturer/Factory & Trading Company. Prix le plus bas trouvé pour 25 momme avec paliers publiés. Vérifier certification et audit avant commande.
Taie soie (secours 1);Taie d'oreiller soie de mûrier 6A 19/22/25/30 momme;Suzhou Esa Silk Co., Ltd.;Suzhou (Jiangsu);Chine;https://esasilk.en.alibaba.com/;Via messagerie Alibaba uniquement (pas d'e-mail public trouvé);2 à 10 pcs selon annonce;8.66-17.90 selon annonce (ex. 13.90-17.90 MOQ 2 / 9.20-10.50 MOQ 10);Introuvable sur la page (à demander);OEKO-TEX (badge Alibaba);Oui (ODM + logo personnalisé annoncés);https://esasilk.en.alibaba.com/ (consulté 2026-10-02);Statut Alibaba 'Multispecialty Supplier' 9 ans - ce n'est PAS forcément une usine (audit à demander). Utile pour échantillons à très petit MOQ. Vend aussi bonnets + chouchous + foulards.
Taie soie (secours 1);Taie d'oreiller soie de mûrier 6A 16/19/22/25/30 momme;Zhejiang Jiaxin Silk Corp., Ltd.;Jiaxing (Zhejiang - hors des 4 villes ciblées mais même bassin);Chine;https://www.chinesesilk.com/silk-pillowcase/;frankxu@jxsilk.cn / +86-18257396906 / +86-13905732793 (site officiel);1 pc stock/échantillon - 50 pcs en production;Introuvable (prix non publié - devis requis);Échantillon 3 j - production introuvable;OEKO-TEX 100 + ISO + BSCI + SMETA + GRS + GOTS (affichés);Oui (logo + design + boîte personnalisés - OEM/ODM);https://www.chinesesilk.com/silk-pillowcase/jxspz19-003.html (consulté 2026-10-02);Groupe industriel fondé en 1984 (selon site) - Top 100 textile Chine. Le plus solide en conformité sociale (SMETA/BSCI). Prix probablement au-dessus du marché Alibaba (ESTIMATION non chiffrée).
Taie soie (secours 1);Taie d'oreiller soie de mûrier 19/22/25 momme;Hangzhou Sino Silk Technology Co., Ltd. (Sinosilk);Hangzhou (Gongshu);Chine;https://sino-silk.com/22-momme-silk-pillowcase/;support@snsilk.com / +86-13082846831 / WhatsApp-WeChat +86-19357319593 (page contact snsilk.com);20 pcs;19.00-25.00 (FOB);10-25 j (literie custom) / hors saison 15 j ouvrés / haute saison 1-3 mois;OEKO-TEX Standard 100 (annoncé);Oui (impression + broderie custom);https://sinosilk.en.made-in-china.com/ + https://snsilk.com/contact/ (via résultats WebSearch 2026-10-02 - page produit non ouverte car bloquée);Créé en 2016 - adresse en centre d'affaires (Xintiandi Business Center): probablement donneur d'ordre/hybride plutôt qu'usine. Fort en impression sur soie (motifs exclusifs).
Taie soie (secours 1);Taie d'oreiller soie de mûrier 6A 16-30 momme;DreamSilk;Suzhou (Jiangsu);Chine;https://dreamsilken.com/custom-silk-pillowcase;Formulaire de devis sur le site (e-mail non trouvé);50 pcs (OEM);Introuvable (prix non publié);15-25 j après validation de l'échantillon;OEKO-TEX (annoncé);Oui (OEM/ODM/private label + emballage boîte/pochette);https://dreamsilken.com/custom-silk-pillowcase (via résultats WebSearch 2026-10-02);Raison sociale exacte introuvable - à vérifier (licence d'entreprise) avant tout paiement. Fait aussi bonnets + masques + chouchous.
Panama (éliminé);Chapeau Panama toquilla (lot fedora/traditionnel grade 4-5);MontEcuador Hats (MontEcuadorHats);Montecristi (Manabí);Équateur;https://montecuadorhats.com;"info@montecuadorhats.com ; WhatsApp +593 98 893 8400";12 (lot = 1 douzaine, tailles XS-XXL panachables);35,00 (lot 420 USD / 12) — prix catalogue gros, transport en sus, FOB réel à négocier;"Fine : 3-4 semaines de tissage ; lots livrés à l'international en « 2 à 3 semaines maximum »";"Certificat d'authenticité/origine fourni (auto-déclaré) ; mention UNESCO (patrimoine immatériel 2012)";"OUI : « private label and general label options » + « personalize them with your own logo » ; couleurs de ruban selon stock";"https://montecuadorhats.com/wholesale-orders/ ; https://montecuadorhats.com/tienda/offers-promotions/men-2/panama-hat-toquilla-straw-traditional-lot/ (consultés 2026-10-02)";"Fabricant/atelier direct revendiquant 27 ans d'expérience ; propose aussi roll-up, Montecristi « Premium » (21-28 rangs/pouce, 16-20 sem.) — Montecristi = côte, pas Cuenca"
Panama (éliminé);Chapeau Panama toquilla personnalisé (grade 3-4) / Fino Montecristi grade 11-12;Ecuadorian Crafts (ecuadorstores.com);introuvable (Équateur);Équateur;https://ecuadorstores.com;WhatsApp +593 99 005 5128 (email non publié);"12 (boîtes de 12) ; prix spécial dès 50 ; grade 11-12 : MOQ 6";"27,99 (grade 3-4, personnalisé logo) ; 45,00 (grade 11-12) — prix catalogue, FOB à confirmer";Préparation 8 jours ouvrés (international) + FedEx ≤8 jours ouvrés;introuvable;OUI : logo entreprise, ruban personnalisé, « General Logos – Private Label », couleur de bande au choix;"https://ecuadorstores.com/toquilla-straw/wholesale-panama-hat-custom-handmade-corporate-events-souvenir/ ; https://ecuadorstores.com/toquilla-straw/fine-montecristi-panama-hat-grade-11-12-handwoven-toquilla-straw-ecuador-wholesale/ (consultés 2026-10-02)";"Statut fabricant vs négociant non vérifié ; meilleur prix public trouvé pour le scénario 119-149 € ; roll-up affiché 200-1 000 USD (détail) => rollable incompatible avec un prix public < 169 €"
Panama (éliminé);Chapeau Panama toquilla (Cuenca, fedora/borsalino tous grades);Homero Ortega P. & Hijos (Homero Ortega Peñafiel e Hijos C. Ltda., RUC 0190008886001);Cuenca (Azuay);Équateur;https://homeroortega.com;"info@homeroortega.com ; +593 7 280 9000 ; Gil Ramírez Dávalos 3-86, Cuenca";introuvable (à demander);introuvable — proxy : prix détail e-shop 45-94 USD (modèles Moises/Enner 45 USD, Abeto 94 USD);introuvable;Se dit adhérer aux principes du commerce équitable (auto-déclaré, aucun label tiers trouvé);Non documenté publiquement (vend sous sa marque, déjà revendu en France par Traclet réf. 2033);"https://homeroortega.com/e-shop/ ; https://homeroortega.com/contactenos/?lang=en ; https://www.veritradecorp.com/es/ecuador/importaciones-y-exportaciones-homero-ortega-penafiel-e-hijos-c-ltda/ruc-0190008886001 (consultés 2026-10-02)";"Plus ancien exportateur (5 générations) ; l'un des 3 plus gros transformateurs/exportateurs de Cuenca (PRX/The World) — marque déjà connue des chapelleries FR = risque de comparaison prix"
Panama (éliminé);Chapeau Panama toquilla (Fino à Montecristi extrafino);K. Dorfzaun S.A.;Cuenca (Azuay);Équateur;https://kdorfzaun.com;"hello@kdorfzaun.com / info@kdorfzaun.com ; +593 7 280 7563 ; Av. Gil Ramírez Dávalos 4-34, Cuenca";introuvable (à demander);introuvable — proxy : détail Etsy « Fino genuine Panama » 180 USD, Montecristi extrafino 455 USD;introuvable;Fair trade revendiqué (auto-déclaré);OUI (probable) : se présente comme « trusted B2B supplier for luxury brands, wholesalers, hatmakers & designers since 1939 »;"https://kdorfzaun.com/ ; https://www.etsy.com/shop/KDorfzaun ; https://theworld.org/stories/2017/03/10/panama-hats-made-ecuador (consultés 2026-10-02)";"Fondé 1939 ; positionnement haut de gamme / fournisseur de marques de luxe => MOQ et prix probablement supérieurs au besoin ; à interroger en priorité pour la crédibilité"
Panama (éliminé);Chapeau Panama toquilla (classique);Serrano Hat Export Cía. Ltda.;Cuenca (Azuay);Équateur;http://www.serranohat.com;"info@serranohat.com ; +593 7 280 1605 / 07-2862119 / 0997132072 ; Calle Vieja 6-38 y De Las Alcabalas";introuvable (à demander);introuvable;introuvable;introuvable;Non documenté (clients « du petit magasin exclusif aux grands magasins renommés »);"https://www.edina.com.ec/sombreros-exportadores/serrano-hat-export-cia-ltda/cuenca/4687/1/322 ; https://www.serranohat.com/history.html (consultés 2026-10-02)";"Fondé 1905 ; l'un des 3 plus gros exportateurs de Cuenca avec Homero Ortega et K. Dorfzaun"
Panama (éliminé);Chapeau Panama toquilla (hommes/femmes, personnalisable);Barranco's Panama Hat Factory;Cuenca (Azuay) — Calle Larga 10-41;Équateur;https://barrancospanamahats.com;formulaire site (email non trouvé);introuvable (option « wholesale » affichée sans MOQ);introuvable — proxy : détail ≈35-850 USD selon grade;introuvable;introuvable;"Personnalisation possible (chapeau « blank » customisé en boutique) ; marque blanche non documentée";"https://barrancospanamahats.com/fino-panama-hats-c-21_29_sub_cat-21.html ; https://www.myguideecuador.com/shopping/barrancos-panama-hat-factory (consultés 2026-10-02)";"Établi en 1942 ; atelier-boutique touristique => à tester sur petites séries"
Panama (éliminé);Chapeau Panama toquilla (fedora, roll-up, tous grades);Ecua-Andino Hats;"Guayaquil (siège) ; tissage 5 provinces";Équateur;https://ecua-andino.com;"info@ecua-andino.com ; WhatsApp +593 99 693 0727 ; bureau UE : Milady Horákové 1076, 500 06 Hradec Králové (CZ), +420 731 221 592, info@ecua-andino.cz";introuvable (formulaire « Become a Distributor »);introuvable;Gros : 4-8 semaines de production + finition + transport;Certificat d'origine joint à chaque chapeau;introuvable (à demander);"https://ecua-andino.com/faq/ ; https://en.wikipedia.org/wiki/Ecua-Andino_Hats (consultés 2026-10-02)";"≈200 000 chapeaux exportés/an et >3 500 artisans (Wikipedia) ; filière intégrée (culture→tissage) ; bureau en UE = interlocuteur GPSR/logistique simplifiés"
Panama (éliminé);Chapeau Panama toquilla tissé à Sígsig;Asociación de Tejedoras de Sombreros y Artesanías de Paja Toquilla Sígsig (TESYA, RUC 0190361810001);Sígsig (Azuay);Équateur;https://www.asotesya.com (à vérifier);introuvable;introuvable;introuvable;introuvable;introuvable (association de tisserandes, angle commerce équitable non certifié);introuvable;"https://www.veritradecorp.com/en/ecuador/imports-and-exports-asociacion-de-tejedoras-de-sombreros-y-artesanias-de-paja-toquilla-sigsig/ruc-0190361810001 ; https://www.eluniverso.com/vida-estilo/2017/01/05/nota/5980051/mujeres-sigsig-convierten-mano-paja-toquilla-sombreros/ (consultés 2026-10-02)";"Exporte vers Royaume-Uni et France (expéditions 2024 selon bases douanières) ; MonChapeauPanama (concurrent FR) s'approvisionne auprès d'une coopérative de Sígsig de >150 femmes => storytelling « femmes artisanes » déjà pris"
Panama (éliminé);Chapeau Panama toquilla (Cuenca + Montecristi);Gamboa Fashion;introuvable (Équateur, tisserands de Cuenca et Montecristi);Équateur;https://www.gamboafashion.com;formulaire page Wholesale;introuvable;introuvable — proxy détail Montecristi grade 9-10 sur site;introuvable;introuvable;Personnalisation proposée dans le programme wholesale (« customization options »);"https://www.gamboafashion.com/pages/wholesale ; https://www.gamboafashion.com/blogs/blog/panama-hats-wholesale-elevate-your-business-discover-quality-with-gamboa-fashion (consultés 2026-10-02)";">20 ans d'expérience, vend dans >70 pays ; e-commerçant autant que grossiste"
