#,clinique,specialite,zone,canal_contact_public,url_source,segment,priorite,consulte_le
1,Qatar Prime Dental Center,dentaire,Al Sadd,boutons Call / WhatsApp / Book Now du site,https://qatarprimedental.com/,clinique indépendante,A,2026-10-03
2,Venus Medical Center,dentaire / esthétique,Doha,Instagram (DM) ; réservation via la publication,https://www.instagram.com/reel/DdnkOmGkZHC/,centre médical,A,2026-10-03
3,Atlas Medical Center,dentaire / polyclinique,Barwa Village,tél. 4415 3222 ; WhatsApp wa.me/97433853222,https://www.facebook.com/atlasmedicalcenterqatar/posts/free-dental-consultation-atlas-medical-center-barwa-villagefor-appointments-and-/3093294307664723/,centre médical,A,2026-10-03
4,Elegant Smile,dentaire,Doha,hotline 4483 1906 / 5101 0897,https://elegantsmile.net/,clinique indépendante,A,2026-10-03
5,Yasmed,dentaire / polyclinique,Doha,formulaire et téléphone du site,https://yasmed.qa/departments/dental-care/,centre médical,B,2026-10-03
6,Promise Dental Center,dentaire,Doha,« Book your appointment » du site,https://promisedentalcenter.com/,clinique indépendante,A,2026-10-03
7,Gulf Dental Center,dentaire,Doha,+974 4444 1275 (Instagram),https://www.instagram.com/reel/DaFxqBNAQFb/,clinique indépendante,A,2026-10-03
8,Kings Dental Center,dentaire,Al Attiyah,tél. +974 4403 8777 ; WhatsApp +974 3007 7847,https://www.facebook.com/myglaj/posts/the-most-affordable-dental-clinic-in-qatar%EF%B8%8F-kings-dental-center-al-attiyah-full-/284135827858173/,clinique indépendante,A,2026-10-03
9,Dmax Dental Center,dentaire,Old Salata,« Book your appointment » du site,https://dmaxdentalcenter.com/,clinique indépendante (2 sites),A,2026-10-03
10,Health Medical Center (KIMS Qatar),dermatologie / polyclinique,Doha,WhatsApp 5026 8844,https://www.facebook.com/kimsqatar/posts/healthy-skin-deserves-expert-care-looking-for-a-trusted-dermatology-clinic-in-me/1483161840507339/,groupe,B,2026-10-03
11,Reyada Medical Centre,dermatologie / polyclinique,Doha,+974 4445 7777 (appel et WhatsApp),https://www.reyadamedicalcentre.com/Services/Dermatology-and-Cosmetology.aspx,centre médical,A,2026-10-03
12,Queens Dermatology Center,dermatologie,Doha,+974 7770 4475 (« Book an appointment »),https://queensdermacenter.com/,clinique indépendante,A,2026-10-03
13,GDDC,dermatologie,Doha,tél. +974 4441 1711 ; WhatsApp +974 3029 0013,https://gddc.qa/dermatology/,clinique indépendante,A,2026-10-03
14,The Pearl Dermatology & Laser Centre,dermatologie / laser,The Pearl,hotline 444 82 888 ; WhatsApp 5083 0888 ; info@thepearlderma.com,https://thepearlderma.com/,clinique indépendante,A,2026-10-03
15,Al Ahmadani Medical Center,polyclinique,Doha,WhatsApp +974 3148 2210 ; fixe 4435 4400,https://www.facebook.com/alahmadanimedicalcenter/videos/book-an-appointment-nowwhatsapp-or-call-us-974-3148-2210landline-4435-4400-4455%D8%A7/1358821201576323/,centre médical,A,2026-10-03
16,Glow Medical Center,dermatologie / polyclinique,Doha,Instagram (DM),https://www.instagram.com/reel/DTUpvQECKOq/?hl=en,centre médical,B,2026-10-03
17,SAC Healthcare,dermatologie / ophtalmologie,Doha,tél. +974 4019 1919,https://sac-qa.com/ophthalmology-clinic.html,centre médical,B,2026-10-03
18,International Physiotherapy Centre (TIPC),kinésithérapie,Al Waab,tél. +974 4435 0340 ; WhatsApp +974 3399 6310 ; info2@theipcentre.com,https://www.instagram.com/theipcentre/?hl=en,clinique indépendante,A,2026-10-03
19,Wellkins Medical Centre,kinésithérapie / polyclinique,Doha,+974 4444 2099 ; WhatsApp ; réservation en ligne,https://wellkins.com/physiotherapy/,centre médical,B,2026-10-03
20,Anatomy Rehab,kinésithérapie,Al Dafna (QIB Towers),tél. +974 6659 6174 ; e-mail du site,https://www.anatomyrehab.qa/,clinique indépendante,A,2026-10-03
21,Al-OUD Medical Center,kinésithérapie / polyclinique,Doha,formulaire du site,https://aloudmc.qa/departments/physiotherapy/,centre médical,B,2026-10-03
22,Marble Medical Center,polyclinique,Doha,tél. 4448 3000,https://marblemedicals.com/departments/physiotherapy/,centre médical,B,2026-10-03
23,International Medical Centre,médecine générale,Doha,téléphone et e-mail du site,https://theimcentre.com/,clinique indépendante,B,2026-10-03
24,Abeer Medical Group,polyclinique,Abu Hamour / Industrial Area,+974 4423 6060 ; +974 7071 5678,https://www.abeergroup.com/qatar/DoctorProfile.aspx?DocID=684,groupe,B,2026-10-03
25,Apollo Clinic Muntaza,polyclinique,Muntaza,+974 4441 8441,https://www.apolloclinic.com/clinic-locator/qatar/doha/muntaza-street/doha,franchise,B,2026-10-03
26,Doha Clinic Hospital,hôpital privé (dentaire / ophtalmo),Doha,appel/WhatsApp 4438 4333 ; WhatsApp 6000 8455,https://www.instagram.com/reel/CEyoFyTA7Jr/,hôpital privé,C (cycle long),2026-10-03
27,Aster DM Healthcare Qatar,multi-spécialités,Doha,appel/WhatsApp 44 44 04 99,https://www.aster.qa/specialisations/detail/dermatology,groupe,C (cycle long),2026-10-03
28,Al-Ahli Hospital,multi-spécialités,Doha,appel/WhatsApp 00974 4489 8888,https://www.ahlihospital.com/en/department-list/dermatology/,hôpital privé,C (cycle long),2026-10-03
29,Aman Hospital,multi-spécialités,Doha,centre d'appel +974 4400 4400,https://amanhospital.org/service/dermatology-and-cosmetics/,hôpital privé,C (cycle long),2026-10-03
30,Al Emadi Hospital,multi-spécialités,Al Hilal West,+974 4477 6444,https://alemadihospital.com.qa/physiotherapy.php,hôpital privé,C (cycle long),2026-10-03
