"id","texte","source","date","categorie","grappe","gravite_1a5","qui_souffre","qui_paierait","verification"
"1","Paid apartment deposit but company deducting for furniture despite tenant having video proof of no damage","https://www.reddit.com/r/qatar/comments/157dok3/question_about_apartment_deposit_refund/","inconnue","rent_deposit","Logement et loyers","4","expat tenant","tenant / property manager","extrait"
"2","Building owner lost my rent cheque - what should I do now?","https://www.reddit.com/r/qatar/comments/1on4l9w/building_owner_lost_my_rent_cheque_what_should_i/","inconnue","rent_cheques","Logement et loyers","3","expat tenant","landlord / property manager","extrait"
"3","Is there anywhere in Qatar I can rent a car for 1 day without deposit? Most places take credit card or bank cheque.","https://www.reddit.com/r/qatar/comments/1tfonrq/rent_car_without_deposit/","inconnue","car_rental","Voiture et circulation","2","low-income resident","car rental agency","extrait"
"4","Old landlord holding my security deposit cheque for almost a month since I vacated; representative keeps stalling","https://www.reddit.com/r/qatar/comments/xpeg1f/landlord_holding_security_cheques/","inconnue","rent_deposit","Logement et loyers","4","expat tenant","tenant","extrait"
"5","Landlord insists husband should handle and pay for repair work and won't return the cheque. Is this legal?","https://www.reddit.com/r/qatar/comments/1pkanip/issue_with_landlord/","inconnue","rent_landlord","Logement et loyers","4","expat family","tenant","extrait"
"6","Exiting Qatar soon, landlord refusing to return post-dated cheques and undated security cheque","https://www.reddit.com/r/qatar/comments/1phad2b/exiting_qatar_cheque_cancel_for_landlord/","inconnue","rent_cheques","Logement et loyers","5","departing expat","departing expat / relocation service","extrait"
"7","Mold in apartment, 5 months left on lease: how to get out without losing the security deposit?","https://www.reddit.com/r/qatar/comments/1k57fyq/mold_present_in_apartment_i_want_to_get_out_of/","inconnue","rent_landlord","Logement et loyers","4","expat tenant","tenant","extrait"
"8","Ezdan not taking action to address our Kahramaa situation; landlord not returning deposit even after 45 days","https://www.reddit.com/r/qatar/comments/1m6wn4b/ezdan_not_taking_action_to_address_our_kahramaa/","inconnue","utilities","Télécom et services publics","4","expat tenant","tenant / property manager","extrait"
"9","Failed to give landlord 2 months notice of non-renewal; lease auto-renewed without landlord contacting me","https://www.reddit.com/r/qatar/comments/1114obv/automatic_lease_renewal/","inconnue","rent_landlord","Logement et loyers","3","expat tenant","tenant (lease reminder tool)","extrait"
"10","Paid QID renewal on Metrash, it bugged out; refund 'initiated' but money still not back after a long time","https://www.reddit.com/r/qatar/comments/1jme3al/qid_renewal_metrash_ate_money/","inconnue","qid_visa","Démarches résidence et documents","4","expat resident","resident","extrait"
"11","Children QID can be renewed for 3 years in Metrash but wife's only allows 1 year - what is the reason?","https://www.reddit.com/r/qatar/comments/19ebr2h/in_metrash_children_qid_can_be_renewed_for_3_yrs/","inconnue","qid_visa","Démarches résidence et documents","2","expat family","expat family","extrait"
"12","Working mother facing issue renewing daughter's QID and sponsorship through Metrash2","https://www.reddit.com/r/qatar/comments/1lsvg8k/kid_residence_under_the_mother_sponsormetrash2/","inconnue","qid_visa","Démarches résidence et documents","4","working mother sponsor","expat family / PRO service","extrait"
"13","Can't renew family QID for almost a month after moving to a new company","https://www.reddit.com/r/qatar/comments/1lhnngb/cant_renew_family_qid_since_almost_a_month/","inconnue","qid_visa","Démarches résidence et documents","4","expat family","expat family / employer HR","extrait"
"14","Family QID renewal rejections: salary certificate and housing certificate/national address are the biggest reasons","https://www.reddit.com/r/qatar/comments/1lqms7n/anyone_here_got_this_when_attempting_to_renew/","inconnue","qid_visa","Démarches résidence et documents","4","expat family","expat family / PRO service","extrait"
"15","QID about to expire while sponsoring father is outside Qatar - can it be renewed?","https://www.reddit.com/r/qatar/comments/1tbxp80/is_qid_renewal_when_sponsor_is_outside_qatar/","inconnue","qid_visa","Démarches résidence et documents","3","dependent","expat family","extrait"
"16","Expired QID - users trading tips on receipts, refreshing Metrash, going to immigration","https://www.reddit.com/r/qatar/comments/1n4ztcp/expired_qid/","inconnue","qid_visa","Démarches résidence et documents","3","expat resident","resident","extrait"
"17","People with delayed salaries: contracting companies don't get paid by pay master so workers wait","https://www.reddit.com/r/qatar/comments/170cwgh/people_with_delayed_salaries_put_your_hands_up/","inconnue","salary_delay","Salaires, RH et main-d’œuvre","5","contracting employee / subcontractor","subcontractor (receivables / payment tracking)","extrait"
"18","A single employee not correctly set up in WPS gets the company account blocked if they miss a salary payment","https://www.reddit.com/r/qatar/comments/u1s9so/has_salary_delay_become_the_new_normal_here_in/","inconnue","wps_payroll","Salaires, RH et main-d’œuvre","5","SME owner / HR","SME (WPS payroll compliance tool)","extrait"
"19","Salary delay grew to 3-4 months; company escaped WPS by managing employees' cards","https://www.reddit.com/r/qatar/comments/nkymp3/can_anyone_help_me_out_how_to_deal_this_situation/","inconnue","salary_delay","Salaires, RH et main-d’œuvre","5","employee","employee / legal service","extrait"
"20","Client doesn't pay the contractor so salaries get delayed; employees told to file court complaint after 90 days","https://www.reddit.com/r/qatar/comments/us7uzq/salary_delays_with_no_government_actions/","inconnue","salary_delay","Salaires, RH et main-d’œuvre","5","contractor & employees","contractor","extrait"
"21","Helper unpaid salary - advice to file complaint with MADLSA","https://www.reddit.com/r/qatar/comments/1q6pskz/helper_unpaid_salary/","inconnue","domestic_worker","Salaires, RH et main-d’œuvre","5","domestic worker","household employer (maid payroll)","extrait"
"22","School assessment costs QR500 and you can't even join the waitlist without completing it","https://www.reddit.com/r/qatar/comments/1chowl4/which_school_to_go_for_doha_college_kings_college/","inconnue","school_admission","École et université","4","expat family","parents / schools","extrait"
"23","Generally finding schools is really hard here and there are waiting lists","https://www.reddit.com/r/qatar/comments/w8pyqf/schooling_in_qatar/","inconnue","school_admission","École et université","4","expat family","parents / employers relocating staff","extrait"
"24","Definitely figure out the school situation ASAP because of waiting lists; ASD super expensive","https://www.reddit.com/r/qatar/comments/1kfsywl/visa_approved_doha_here_we_come/","inconnue","school_admission","École et université","4","incoming expat family","parents / relocation","extrait"
"25","School fees after resignation: Ministry refuses to pay, company refuses, school wants money from father","https://www.reddit.com/r/qatar/comments/1cg03nx/school_fees_after_resignation/","inconnue","school_fees","École et université","4","expat parent","parent","extrait"
"26","Completed driving school classes by August, still waiting for final test date at Al Khibra","https://www.reddit.com/r/qatar/comments/1fibi7t/long_waiting_time_for_final_driving_test_at_al/","inconnue","driving_license","Voiture et circulation","3","learner driver","learner / driving school","extrait"
"27","PHCC's broken 24-hour policy is a nightmare; Hamad specialist appointment at least 6 months later","https://www.reddit.com/r/qatar/comments/1wm64ez/phccs_broken_24hour_policy_is_an_absolute/","inconnue","healthcare_appointment","Santé : accès et rendez-vous","4","patient","patient / private clinic","extrait"
"28","Hamad psychiatry: call today and get an appointment in 3 months","https://www.reddit.com/r/qatar/comments/15o13af/mental_hearth_in_qatar/","inconnue","mental_health","Santé : accès et rendez-vous","4","patient","patient / private therapist","extrait"
"29","Can't just visit Hamad: need PHCC referral then wait for appointment to be scheduled","https://www.reddit.com/r/qatar/comments/1ij04n7/health_card_bachelor/","inconnue","healthcare_appointment","Santé : accès et rendez-vous","3","single expat","patient","extrait"
"30","Specialist by call: wait 1-3 months; PHC waiting longer for expats","https://www.reddit.com/r/qatar/comments/1gmhvrz/wakra_health_center_headache/","inconnue","healthcare_appointment","Santé : accès et rendez-vous","3","expat patient","patient / private clinics","extrait"
"31","The View hospital: wait 1.5 months for specialist slot, also wait for CT scan","https://www.reddit.com/r/qatar/comments/1tnncvg/the_view_hospital_experience/","inconnue","healthcare_appointment","Santé : accès et rendez-vous","3","patient","patient / clinic scheduling","extrait"
"32","Waited around 4 hours in Hamad emergency; slow service","https://www.reddit.com/r/qatar/comments/1od2wtm/nearly_had_a_stroke_doc_at_hmc_told_me_its_just_a/","inconnue","healthcare_er","Santé : accès et rendez-vous","4","patient family","patient","extrait"
"33","Second driving exam the examiner failed everyone for no reason; failed 3 times","https://www.reddit.com/r/qatar/comments/wfborm/please_asking_for_help_to_driving_license_failed/","inconnue","driving_license","Voiture et circulation","4","learner driver","learner (test prep)","extrait"
"34","Failed road test twice, will probably have to re-enroll in a half course and start again","https://www.reddit.com/r/qatar/comments/1ggz9xq/last_chance_to_get_my_license/","inconnue","driving_license","Voiture et circulation","4","learner driver","learner (test prep/coaching)","extrait"
"35","Recruitment agency shut down without reimbursing employer, who then filed runaway case against the maid","https://www.reddit.com/r/qatar/comments/1j2jyzj/helpadvice_needed_regarding_housemaid_with/","inconnue","maid_recruitment","Salaires, RH et main-d’œuvre","5","household employer & maid","household employer","extrait"
"36","Maids run away to make more money outside; very low salary","https://www.reddit.com/r/qatar/comments/1bjzss8/a_runaway_housemaid/","inconnue","maid_recruitment","Salaires, RH et main-d’œuvre","4","household employer","household employer / agency","extrait"
"37","Expats starting a business while on company sponsorship: how do you do it? (register under personal name while employer-sponsored)","https://www.reddit.com/r/qatar/comments/1tljjws/expats_starting_a_business_while_on_company/","inconnue","sme_setup","Créer et gérer une PME","3","aspiring expat entrepreneur","entrepreneur / business setup service","extrait"
"38","Commercial registration costs ~300-500 USD, but agents cost 3000-5000 USD; registration ~14 days","https://www.reddit.com/r/qatar/comments/1e8iavl/starting_a_business_in_qatar/","inconnue","sme_setup","Créer et gérer une PME","3","aspiring entrepreneur","entrepreneur","extrait"
"39","Ministry of Health requires 51% Qatari ownership to be recognised - Qatari national needed to sponsor new company","https://www.reddit.com/r/qatar/comments/1buoydh/qatari_national_needed_to_sponsor_new_company/","inconnue","sme_setup","Créer et gérer une PME","4","clinic founder","healthcare SME founder","extrait"
"40","Opened mainland company with 100% ownership as foreigner but can't get Qatar ID with my own company","https://www.reddit.com/r/qatar/comments/1jkzvc2/cant_get_qatar_id_with_my_own_company/","inconnue","sme_setup","Créer et gérer une PME","5","foreign founder","founder / PRO service","extrait"
"41","Can someone give me guidance on how/where to register the business?","https://www.reddit.com/r/qatar/comments/1qxqppp/guidance_on_starting_a_business/","inconnue","sme_setup","Créer et gérer une PME","3","aspiring entrepreneur","entrepreneur","extrait"
"42","How much does it cost to get a commercial permit/registration? (structure, approvals, MoCI registration)","https://www.reddit.com/r/qatar/comments/1dgts3c/how_much_does_it_cost_to_get_a_commercial/","inconnue","sme_setup","Créer et gérer une PME","3","aspiring entrepreneur","entrepreneur","extrait"
"43","Are there banks that offer credit cards not based on your company? (employer-listed restrictions; deposit-secured cards)","https://www.reddit.com/r/qatar/comments/15o7axh/are_there_any_banks_that_offer_credit_cards_not/","inconnue","banking","Banque et paiements","3","expat employee","banks / fintech","extrait"
"44","Opened CBQ account online, more than 48 hours and no call back - told to go to the bank physically","https://www.reddit.com/r/qatar/comments/1wgzp8c/cbq_online_account_opening/","inconnue","banking","Banque et paiements","2","new resident","bank","extrait"
"45","QNB application rejected; other bank requires QR 10,000 lifetime deposit; Ooredoo Money as fallback","https://www.reddit.com/r/qatar/comments/1v64qx3/i_want_to_open_a_bank_account/","inconnue","banking","Banque et paiements","4","low-income expat","fintech / wallet","extrait"
"46","Need HR recommendation letter to open a bank account in a specific bank","https://www.reddit.com/r/qatar/comments/1mludq2/how_does_banks_work_in_qatar_for_expats/","inconnue","banking","Banque et paiements","2","new expat","employer HR / bank","extrait"
"47","Credit cards failing for online transactions lately (high-risk merchants banned), both credit and debit","https://www.reddit.com/r/qatar/comments/1u04705/credit_card_not_working_for_online_transactions/","inconnue","banking","Banque et paiements","3","online shopper","bank / payments","extrait"
"48","Debit card can't be used for online purchases, only credit cards","https://www.reddit.com/r/qatar/comments/r2oo55/my_new_doha_bank_debit_card_couldnt_be_used_for/","inconnue","banking","Banque et paiements","3","new resident","bank / fintech","extrait"
"49","Talabat: 'system doesn't allow us to refund after 6 hours' - refused refund","https://www.reddit.com/r/qatar/comments/1kophl0/talabat_got_worse/","inconnue","delivery","Livraison et restaurants","3","consumer","consumer","extrait"
"50","Talabat Pro: instead of refunding they give Talabat credits, locking you in","https://www.reddit.com/r/qatar/comments/14g9svq/talabat_pro_is_a_scam_in_my_eyes/","inconnue","delivery","Livraison et restaurants","2","consumer","consumer","extrait"
"51","Snoonu: worst customer service, returning a wrong item takes forever","https://www.reddit.com/r/qatar/comments/1s0xfr6/worst_customer_support_ever_snoonu/","inconnue","delivery","Livraison et restaurants","3","consumer","delivery platform","extrait"
"52","Keeta doesn't refund messed-up orders; food came cold, happened twice","https://www.reddit.com/r/qatar/comments/1ngumco/keeta_next_to_close/","inconnue","delivery","Livraison et restaurants","2","consumer","consumer","extrait"
"53","Talabat is incompetent - advice: complain via MOCI app to get resolution","https://www.reddit.com/r/qatar/comments/1qaml41/talabat_is_incompetent/","inconnue","consumer_complaint","Télécom et services publics","3","consumer","consumer (complaint assistant)","extrait"
"54","Musty smell from split AC; building maintenance cleaned and just told us...","https://www.reddit.com/r/qatar/comments/1ug2or4/musty_smell_coming_out_of_ac/","inconnue","home_maintenance","Logement et loyers","3","tenant","tenant / building management","extrait"
"55","Would you use an app to hire verified plumbers, electricians, technicians (book, get quotes)?","https://www.reddit.com/r/qatar/comments/1qr8h81/qatar_residents_would_you_use_an_app_to_hire/","inconnue","home_maintenance","Logement et loyers","3","homeowner/tenant","homeowner / technicians","extrait"
"56","There is no official freelance visa in Qatar; the 'freelance' visa offered is popular but illegal","https://www.reddit.com/r/qatar/comments/1fc3y2n/qatar_freelance_visa/","inconnue","freelancing","Créer et gérer une PME","4","freelancer","freelancer","extrait"
"57","Technically freelancing is illegal; must have work visa under employer","https://www.reddit.com/r/qatar/comments/10zckzy/freelancing_in_qatar/","inconnue","freelancing","Créer et gérer une PME","4","freelancer","freelancer / platform","extrait"
"58","Experience with dishonest company giving 'freelance visa' - employers exploit illegal visa holders","https://www.reddit.com/r/qatar/comments/1kyjp2v/experience_with_dishonest_company_giving/","inconnue","freelancing","Créer et gérer une PME","5","migrant worker","worker","extrait"
"59","Receiving freelance pay via bank transfer: company may deduct 5% withholding tax","https://www.reddit.com/r/qatar/comments/yl79vq/is_it_illegal_to_receive_freelance_salary_via/","inconnue","tax_compliance","Facturation, impayés et fiscalité","3","freelancer / company","companies paying non-resident contractors","extrait"
"60","How much can I legally earn freelancing (Fiverr, programming) before I have to declare/register?","https://www.reddit.com/r/qatar/comments/1ejdqhx/how_much_can_i_legally_earn_from_freelancing/","inconnue","freelancing","Créer et gérer une PME","3","online freelancer","freelancer","extrait"
"61","Help regarding post-dated rent cheques - landlords accept bank transfer and rip up/return cheques if asked","https://www.reddit.com/r/qatar/comments/1pj9g16/help_regarding_cheques/","inconnue","rent_cheques","Logement et loyers","3","expat tenant","tenant / landlord (digital rent collection)","extrait"
"62","QID renewal help: renew on Metrash, wait for status; if unchanged go to Abu Hamour immigration office","https://www.reddit.com/r/qatar/comments/1qtxqzo/qid_renewal_help/","inconnue","qid_visa","Démarches résidence et documents","3","expat resident","resident / PRO service","extrait"
"63","QID renewed and card delivered via Qatar Post but status still stuck on Metrash","https://www.reddit.com/r/qatar/comments/1es1kyk/qid_on_mestrash_question/","inconnue","qid_visa","Démarches résidence et documents","2","expat resident","resident","extrait"
"64","New app: dependents can only be renewed from the sponsoring person's Metrash","https://www.reddit.com/r/qatar/comments/1j8m6ax/qid_renewal_in_new_app/","inconnue","qid_visa","Démarches résidence et documents","3","dependent","expat family","extrait"
"65","CBQ request rejected; app says unable to process due to 'system enhancements' on digital channels","https://www.reddit.com/r/qatar/comments/1fm01ok/cbq_bank_request_rejected/","inconnue","banking","Banque et paiements","2","bank customer","bank","extrait"
"66","Severe security failure at QIB after unauthorized transactions on old card","https://www.reddit.com/r/qatar/comments/1p77fhq/banking_with_qib/","inconnue","banking","Banque et paiements","4","bank customer","bank","extrait"
"67","Challenges applying for credit card or loan - applications rejected without explanation","https://www.reddit.com/r/qatar/comments/1p6fmee/did_any_of_you_faced_any_challenges_applying_g/","inconnue","banking","Banque et paiements","3","expat employee","fintech / bank","extrait"
"68","Step 1 to start a business: ensure you have minimum of 20k to do registration","https://www.reddit.com/r/qatar/comments/1s5oeyt/starting_a_business_in_qatar/","inconnue","sme_setup","Créer et gérer une PME","3","aspiring entrepreneur","entrepreneur","extrait"
"69","Starting a business without Qatari sponsor reportedly needs huge minimum investment - advice needed","https://www.reddit.com/r/qatar/comments/10zo2jk/starting_a_business_in_qatar_advice_needed/","inconnue","sme_setup","Créer et gérer une PME","4","aspiring entrepreneur","entrepreneur / setup consultant","extrait"
"70","Setting up company in Qatar vs UAE or Saudi: need a sponsor of some sort, activity must be in the CR","https://www.reddit.com/r/qatar/comments/1f732aw/setting_up_company_in_qatar_vs_uae_or_saudi_arabia/","inconnue","sme_setup","Créer et gérer une PME","3","foreign founder","founder","extrait"
"71","Talabat closed one week; customer service assured refund for an order but refund never received","https://www.reddit.com/r/qatar/comments/1nd92jg/talabat_will_not_be_available_for_one_week/","inconnue","delivery","Livraison et restaurants","3","consumer","consumer","extrait"
"72","Talabat refund (~50 riyal) only came back after repeated escalation","https://www.reddit.com/r/qatar/comments/1r4gzdh/talabat_issues/","inconnue","delivery","Livraison et restaurants","2","consumer","consumer","extrait"
"73","What happened to Snoonu? Users reporting issues; brand replies 'send us a DM with order details'","https://www.reddit.com/r/qatar/comments/1uloj96/what_happened_to_snoonu/","inconnue","delivery","Livraison et restaurants","2","consumer","delivery platform","extrait"
"74","Majority of Qataris wait 6+ months for an appointment in Hamad / public healthcare","https://www.reddit.com/r/qatar/comments/r5n54i/so_health_insurance_will_be_gone_soon_do_you/","inconnue","healthcare_appointment","Santé : accès et rendez-vous","4","citizen patient","patient / private insurers","extrait"
"75","Doctors here do not listen; private hospitals are the alternative to waiting 6 months in government setup","https://www.reddit.com/r/qatar/comments/1gercl3/doctors_here_do_not_listen/","inconnue","healthcare_quality","Santé : accès et rendez-vous","3","patient","patient / private clinics","extrait"
"76","Scoliosis patient: HMC will 'call within 15 days' with appointment or patient must chase them","https://www.reddit.com/r/qatar/comments/1uxbu8r/scoliosis_55_cobb_angle_in_qatar_looking_for/","inconnue","healthcare_appointment","Santé : accès et rendez-vous","4","patient","patient","extrait"
"77","How long to get a license if I apply tomorrow? Waiting period for driving schools","https://www.reddit.com/r/qatar/comments/nolais/waiting_period_for_driving_schools/","inconnue","driving_license","Voiture et circulation","2","learner driver","learner / driving school","extrait"
"78","Looking for affordable garage for car AC service (old Suzuki)","https://www.reddit.com/r/qatar/comments/1is6g6x/recommend_garage_for_ac_service/","inconnue","car_maintenance","Voiture et circulation","2","car owner","car owner / garages","extrait"
"79","Waitlisted at UDST - advice to physically go to campus to ask about status","https://www.reddit.com/r/qatar/comments/15148ue/waitlisted_in_udst/","inconnue","university_admission","École et université","2","student","student","extrait"
"80","Why are companies still allowed to delay salaries?!","https://www.reddit.com/r/qatar/comments/y8q8lw/why_are_companies_still_allowed_to_delay_salaries/","inconnue","salary_delay","Salaires, RH et main-d’œuvre","4","employee","employee","extrait"
"81","Court takes salary delays seriously, can issue orders against company bank accounts - suggestion on not paying salary","https://www.reddit.com/r/qatar/comments/18ndltm/suggestion_on_not_paying_salary/","inconnue","salary_delay","Salaires, RH et main-d’œuvre","4","employee","employee / legal service","extrait"
"82","Can't view PPC (police clearance) status for dependents and cannot upload any documents if purpose is 'using the certificate outside the country'","https://apps.apple.com/qa/app/metrash/id6470879050?see-all=reviews&platform=iphone","","government_app_bugs","Démarches résidence et documents","3","expat parents","nobody (gov app) / PRO services","ouvert"
"83","App won't open: 'M2Prd112 This device does not meet the minimum security requirements' though iPhone never jailbroken; all banks work except this","https://apps.apple.com/qa/app/metrash/id6470879050?see-all=reviews&platform=iphone","","government_app_bugs","Démarches résidence et documents","4","residents","nobody","ouvert"
"84","Frequent crashes and heavy lag during login on iOS; takes 5-6 attempts of reopening the app to log in","https://apps.apple.com/qa/app/metrash/id6470879050?see-all=reviews&platform=iphone","","government_app_bugs","Démarches résidence et documents","3","residents","nobody","ouvert"
"85","Applied for family RP: daughter approved, son and wife rejected without any reason; unable to apply again for rejected cases; family stuck on visit visa","https://apps.apple.com/qa/app/metrash/id6470879050?see-all=reviews&platform=iphone","","qid_visa","Démarches résidence et documents","5","expat families","expats (visa/PRO assistance service)","ouvert"
"86","Please add vehicle check / accident history option (no way to check used car accident history)","https://apps.apple.com/qa/app/metrash/id6470879050?see-all=reviews&platform=iphone","","car_used_purchase","Voiture et circulation","3","used car buyers","car buyers / dealers","ouvert"
"87","Metrash2: 'You have reached maximum active user limit. Cannot proceed further' / 'user access has been blocked' / phone number not registered to ID","https://www.qatarliving.com/content/community/post/detail/forum/advice-help/posts/metrash-2-user-access-has-been-blocked","","government_app_bugs","Démarches résidence et documents","3","residents","nobody","extrait"
"88","Family RP renewal not possible through Metrash2","https://www.qatarliving.com/content/community/post/detail/forum/visas-permits/posts/family-rp-renewal-not-possible-through-metrash2","","qid_visa","Démarches résidence et documents","3","expat families","expats / PRO","extrait"
"89","Visa application issues through Metrash 2","https://www.qatarliving.com/forum/visas-permits/posts/visa-application-issues-through-metrash-2","","qid_visa","Démarches résidence et documents","3","expats","expats / PRO","extrait"
"90","Nar'aakom (PHCC, 2.8/5, 23 ratings): health card application - after all documents loaded, submit keeps loading then page disappears back to home","https://apps.apple.com/qa/app/naraakom/id1540048654?see-all=reviews&platform=iphone","","healthcare_appointment","Santé : accès et rendez-vous","3","residents applying for health card","nobody (gov)","ouvert"
"91","Nar'aakom: changing health center - uploaded all documents, clicked submit, app kicked me out; tried many times","https://apps.apple.com/qa/app/naraakom/id1540048654?see-all=reviews&platform=iphone","","healthcare_appointment","Santé : accès et rendez-vous","3","residents","nobody","ouvert"
"92","Nar'aakom: health card request returned for correction; every resubmit gives '403 Forbidden Microsoft-Azure-Application-Gateway' error for days","https://apps.apple.com/qa/app/naraakom/id1540048654?see-all=reviews&platform=iphone","","government_app_bugs","Démarches résidence et documents","4","residents","nobody","ouvert"
"93","Nar'aakom: cannot register because my country (Kosovo) is not in the list","https://apps.apple.com/qa/app/naraakom/id1540048654?see-all=reviews&platform=iphone","","government_app_bugs","Démarches résidence et documents","2","minority-nationality expats","nobody","ouvert"
"94","Nar'aakom: 'Form is not submitting... testing team should test the app before pushing to prod'; login failures; app crashes on open","https://apps.apple.com/qa/app/naraakom/id1540048654?see-all=reviews&platform=iphone","","government_app_bugs","Démarches résidence et documents","3","residents","nobody","ouvert"
"95","Hukoomi (3.2/5): very difficult to renew health card; no debit card option for payment","https://apps.apple.com/qa/app/hukoomi-mobile-app/id953953374?see-all=reviews&platform=iphone","2022","payments_gov","Démarches résidence et documents","3","residents","nobody","ouvert"
"96","Hukoomi: blank pages when clicking on services; 'check your internet connection' always on iPhone","https://apps.apple.com/qa/app/hukoomi-mobile-app/id953953374?see-all=reviews&platform=iphone","","government_app_bugs","Démarches résidence et documents","3","residents","nobody","ouvert"
"97","Hukoomi (AR): needs continuous updates; some services cannot be completed in the app, so why are they there; should learn from Metrash2","https://apps.apple.com/qa/app/hukoomi-mobile-app/id953953374?see-all=reviews&platform=iphone","","government_app_bugs","Démarches résidence et documents","3","citizens","nobody","ouvert"
"98","Employer seeking housemaid who ran away after 4 years (runaway domestic worker; legal procedure unclear)","https://www.qatarliving.com/forum/advice-help/posts/runaway-housemaid","","maid_recruitment","Salaires, RH et main-d’œuvre","4","households employing maids","households / maid agencies","extrait"
"99","Steps to deport a maid: confusion about contract terms and procedures for ending a maid's employment","https://www.qatarliving.com/forum/advice-help/posts/steps-deport-maid","","maid_recruitment","Salaires, RH et main-d’œuvre","3","households","households","extrait"
"100","Contractors and subcontractors in Qatar face overdue invoices, some companies closing doors while waiting for payment of work done","https://www.constructionweekonline.com/business/article-37759-late-payments-challenge-qatar-construction-sector","","sme_late_payment","Facturation, impayés et fiscalité","5","subcontractors / suppliers SMEs","SMEs (receivables tracking/financing)","extrait"
"101","Failure to pay contractors in Qatar harms migrant workers (unpaid wages cascade from late government/contractor payments)","https://www.hrw.org/news/2025/12/14/qatar-failure-to-pay-contractors-harms-migrant-workers","2025-12-14","sme_late_payment","Facturation, impayés et fiscalité","5","contractors, workers","contractors","extrait"
"102","Qatar pay-when-paid debate: subcontractors waiting for payment; Court of Cassation ruling on pay-when-paid clauses","https://chambers.com/articles/waiting-for-payment-qatar-s-pay-when-paid-debate","","sme_late_payment","Facturation, impayés et fiscalité","4","subcontractors","subcontractors / law firms","extrait"
"103","Qatar construction contractor payment pressures build after ruling","https://www.pinsentmasons.com/out-law/analysis/qatar-construction-contractor-payment-pressures-build","","sme_late_payment","Facturation, impayés et fiscalité","4","contractors","contractors","extrait"
"104","Kahramaa app keeps re-validating phone via SMS repeatedly; timeouts and errors; payments went through at bank but Kahramaa had no record","https://play.google.com/store/apps/details?id=com.vipera.dynamicengine&hl=en","","utilities","Télécom et services publics","3","residents","nobody","extrait"
"105","Kahramaa app does not work outside Qatar, so users cannot pay bills while on vacation","https://apps.apple.com/qa/app/kahramaa/id595448187","","utilities","Télécom et services publics","2","expats travelling","nobody","extrait"
"106","Snoonu: order late by about an hour despite scheduled delivery time; contacted customer service and driver; another waited 90+ min for 40-50 min ETA","https://apps.apple.com/qa/app/snoonu-food-delivery-shopping/id1457458384?see-all=reviews&platform=iphone","","delivery","Livraison et restaurants","3","consumers","consumers","extrait"
"107","Snoonu: support said merchant refused refund/re-delivery though shop owned by Snoonu; refused refund for defective product; month-long refund delay; wrong item no refund","https://apps.apple.com/qa/app/snoonu-food-delivery-shopping/id1457458384?see-all=reviews&platform=iphone","","delivery","Livraison et restaurants","3","consumers","consumers / merchants","extrait"
"108","Ooredoo Qatar app confusing and almost never works; every payment attempt fails or freezes; forced to visit physical stores","https://apps.apple.com/us/app/ooredoo-qatar/id619828745?see-all=reviews&platform=iphone","","telecom","Télécom et services publics","3","subscribers","nobody","extrait"
"109","Ooredoo: tickets opened with no response; money taken without credit applied; waited over two months for refund of failed transaction","https://www.trustpilot.com/review/ooredoo.qa","","telecom","Télécom et services publics","4","subscribers","nobody","extrait"
"110","Ooredoo: balance deducted at every top-up for phantom calls never made; charged after cancelling subscriptions","https://ooredoo-qatar.pissedconsumer.com/review.html","","telecom","Télécom et services publics","3","subscribers","nobody","extrait"
"111","Indian School admission issue & scam (parents scammed while seeking scarce school seats)","https://www.qatarliving.com/forum/education/posts/indian-school-admission-issue-scam","","school_admission","École et université","4","expat parents","parents / schools","extrait"
"112","Indian embassy in Qatar seeks details of students still waiting for admission to classes (seat shortage)","https://www.qatarliving.com/forum/news/posts/indian-embassy-qatar-seeks-details-students-still-waiting-admission-classes","","school_admission","École et université","4","expat parents","schools / parents","extrait"
"113","Parents shocked, schools stop admission for 2015-2016","https://www.qatarliving.com/forum/news/posts/parents-shocked-schools-stop-admission-2015-2016","2015","school_admission","École et université","4","expat parents","parents","extrait"
"114","Waiting list in schools - parents stuck on waiting lists","https://www.qatarliving.com/forum/family-life-qatar/posts/waiting-list-schools","","school_admission","École et université","3","expat parents","parents (multi-school application tracker)","extrait"
"115","QDB: bank financing almost a 'last resort' for SMEs due to high collateral, complex process and interest rates","https://www.qdb.qa/-/media/qdbapp/publications-pdf/sme-lending-status-in-qatar-report-2023---en.pdf","2023","sme_financing","Créer et gérer une PME","4","SMEs","SMEs (financing readiness / alt lending)","extrait"
"116","QDB SME survey: 18% list complex, costly, time-intensive procedures; 17% access to facilities; 15% personnel costs; 14% lack of appropriate workforce","https://www.qdb.qa/-/media/qdbapp/publications-pdf/the-satate-of-smes-in-qatar-2016_en-web---p.pdf","2016","sme_setup","Créer et gérer une PME","4","SMEs","SMEs","extrait"
"117","GEM Qatar: SMEs face limited access to finance, low financial literacy, regulatory constraints, skills shortages, insufficient digital transformation","https://www.qdb.qa/-/media/qdbapp/publications-pdf/gem-qatar-2024-2025-en.pdf","2025","sme_digitalization","Créer et gérer une PME","3","SMEs/entrepreneurs","SMEs","extrait"
"118","WPS: preparing SIF salary files correctly is a major employer challenge; incorrect files cause banks to reject salary transfers and delay payments","https://gmpatax.com/wage-protection-system-wps-compliance-a-payroll-guide-for-employers-in-qatar/","","wps_payroll","Salaires, RH et main-d’œuvre","4","SME employers / HR","SMEs (WPS payroll SaaS)","extrait"
"119","WPS non-compliance penalties: fines QAR 2,000-6,000 per employee, suspension of new work permits, blacklisting from tenders","https://ops.ae/blog/qatar-wage-protection-system-2026/","2026","wps_payroll","Salaires, RH et main-d’œuvre","4","SME employers","SMEs","extrait"
"120","ILO: WPS enforcement blocks non-compliant employers' access to labour ministry services (cannot hire new workers); wage abuse complaints remain common","https://www.ilo.org/media/406046/download","","wps_payroll","Salaires, RH et main-d’œuvre","4","employers and workers","SMEs","extrait"
"121","Baladiya licence renewal requires Civil Defence fire-prevention inspection visit before renewal; PRO/mandoob guidance needed","https://www.qatarliving.com/forum/working-qatar/posts/need-some-guide-pro-mandoob-here","","sme_licensing","Créer et gérer une PME","3","SME owners","SMEs (licence/renewal tracker, PRO service)","extrait"
"122","Company setup takes several weeks when Municipality or Civil Defence approvals involved","https://www.qatarliving.com/en/article/qatar-company-formation-timeline-cost","2026","sme_setup","Créer et gérer une PME","3","founders","founders","extrait"
"123","Al Furjan neighbourhood market shop owners appeal to cut QR6,000 rent in half; running at a loss; little foot traffic; high salaries and utilities","https://dohanews.co/report-neighborhood-market-stores-qatar-struggle-attract-customers/","","sme_rent_costs","Créer et gérer une PME","4","small retail shops","small retailers (marketing / delivery tools)","extrait"
"124","Why so many businesses in Qatar are failing: escalating rents and operating costs, even businesses with loyal customers struggle","https://dohanews.co/the-silent-killers-why-are-so-many-businesses-in-qatar-failing/","","sme_rent_costs","Créer et gérer une PME","4","SMEs, restaurants","SMEs","extrait"
"125","High warehouse rents in Qatar push prices up","https://www.qatarliving.com/forum/news/posts/high-warehouse-rents-qatar-push-prices","","sme_rent_costs","Créer et gérer une PME","3","traders, retailers","SMEs","extrait"
"126","Hamad specialist: renowned consultants have 45-day standard wait; missing the appointment means another 45 days","https://www.qatarliving.com/forum/health-fitness/posts/booking-ent-doctor-appointment-hamad","","healthcare_appointment","Santé : accès et rendez-vous","4","patients","private clinics / patients","extrait"
"127","Nearest available ENT clinic appointment at Hamad was months away; Hamad keeps changing rules (phone booking one month, PHCC referral the next)","https://www.qatarliving.com/forum/health-fitness/posts/booking-ent-doctor-appointment-hamad","","healthcare_appointment","Santé : accès et rendez-vous","4","patients","patients","extrait"
"128","MRI scan at Hamad: long waiting time questions","https://www.qatarliving.com/forum/socialising/posts/mri-scan-hamad-hosp","","healthcare_appointment","Santé : accès et rendez-vous","3","patients","patients / private diagnostics","extrait"
"129","Mowasalat/Karwa 'never has any taxis available when you need them'; 'every time i call they say booked for the coming 2 days'","https://www.qatarliving.com/life-qatar/posts/calling-karwa-management","","transport","Voiture et circulation","3","residents without car","consumers","extrait"
"130","Where to complain against Karwa? (no clear complaint channel)","https://www.qatarliving.com/life-qatar/posts/where-complain-against-karwa","","transport","Voiture et circulation","2","riders","nobody","extrait"
"131","New procedure to renew vehicle registration for companies (fleet istimara renewal + Fahes inspection admin)","https://www.qatarliving.com/forum/news/posts/new-procedure-renew-vehicle-registration-companies-next-month","","fleet_compliance","Voiture et circulation","3","companies with vehicle fleets","SMEs with fleets (renewal tracker)","extrait"
"132","Confusion: do we need Fahes technical inspection for istimara renewal?","https://www.qatarliving.com/cars-0/posts/do-we-need-go-technical-inspection-istimara-istamara-registration-renewal-car","","car_registration","Voiture et circulation","2","car owners","car owners","extrait"
"133","Degree certificate attestation at MOFA Qatar: documents already attested at home but still issues; bonafide letter required","https://www.qatarliving.com/content/community/post/detail/forum/working-qatar/posts/degree-certificate-attestation-mofa-qatar","","translation_attestation","Démarches résidence et documents","3","expat job seekers","expats (attestation service)","extrait"
"134","MOFA demands bonafide letter from university confirming full-time status for degree attestation","https://www.qatarliving.com/forum/visas-permits/posts/degree-certificate-attestation","","translation_attestation","Démarches résidence et documents","3","expat employees","expats","extrait"
"135","Indian certificate attestation: two-step embassy then MOFA process, many mandatory documents","https://www.qatarliving.com/forum/advice-help/posts/mofa-certificate-attestation-procedure-indians","","translation_attestation","Démarches résidence et documents","3","Indian expats","expats / employers","extrait"
"136","HMC offer letter, SCH verification and licensing delays for healthcare professionals","https://www.qatarliving.com/forum/advice-help/posts/hmc-offer-letter-verification-sch-licensing","","professional_licensing","Démarches résidence et documents","4","doctors/nurses","clinics, healthcare workers (DataFlow/licensing tracker)","extrait"
"137","Delivery apps commission 20-30% in Qatar (Talabat ~25%) strains restaurant margins; extra fees like discount and card commission","https://blog.menuviel.com/most-popular-food-delivery-apps-in-qatar/","","restaurant_delivery_commission","Livraison et restaurants","4","restaurants/cafes","restaurants (direct ordering / own delivery SaaS)","extrait"
"138","Final settlement and end of service not paid for a year by construction company; management claims no funds","https://www.qatarliving.com/forum/advice-help/final-settlement-not-paid-even-after-year-construction-company","","labour_dispute","Salaires, RH et main-d’œuvre","5","expat employees","employees (claim/legal help)","extrait"
"139","Resigned from large construction company in February, no payment by June despite company confirming amount owed by email","https://www.qatarliving.com/content/community/post/detail/forum/working-qatar/my-pending-end-service-salaries-i-need-help","","labour_dispute","Salaires, RH et main-d’œuvre","5","expat employees","employees","extrait"
"140","What if salary is not credited on time?","https://www.qatarliving.com/forum/salary-allowances/posts/what-if-salary-not-credited-time","","labour_dispute","Salaires, RH et main-d’œuvre","4","employees","employees","extrait"
"141","Offer of employment and no contract","https://www.qatarliving.com/forum/working-qatar/posts/offer-employement-no-contract","","labour_dispute","Salaires, RH et main-d’œuvre","3","new hires","employees / HR","extrait"
"142","Gratuity: from what year should it be calculated? (end-of-service calculation confusion)","https://www.qatarliving.com/forum/salary-allowances/posts/gratuity-what-year-should-be-calculated","","hr_payroll_calc","Salaires, RH et main-d’œuvre","2","employees / HR","SME HR (gratuity calculator)","extrait"
"143","QNB Mobile: OTP SMS not received; app sometimes doesn't show accounts or cards at critical moments; OTP every login requires cell service","https://apps.apple.com/us/app/qnb-mobile/id426172922?see-all=reviews","","banking","Banque et paiements","3","bank customers","nobody","extrait"
"144","Parents fume over ever-rising tuition fees in schools in Qatar; every year schools find a reason to increase fees","https://www.qatarliving.com/forum/news/posts/parents-fume-over-ever-rising-tuition-fees-schools-qatar","","school_fees","École et université","4","expat parents","parents","extrait"
"145","Ministry approves tuition fee hike for 28 schools (126 applied), 3-10% increases","https://www.qatarliving.com/content/community/post/detail/forum/news/posts/qatar%E2%80%99s-education-ministry-approves-tuition-fee-hike-28-schools-country","2019","school_fees","École et université","3","parents","parents","extrait"
"146","Parents start online petition against Indian school for charging 'optional fees'","https://www.qatarliving.com/forum/news/posts/parents-qatar-start-online-petition-against-indian-school-charging-optional-fees","","school_fees","École et université","3","Indian expat parents","parents","extrait"
"147","Indian schools rue 'meagre' fee hike while parents remain 'overburdened'","https://www.qatarliving.com/forum/news/posts/indian-schools-rue-meagre-fee-hike-while-parents-remain-overburdened","","school_fees","École et université","3","schools and parents","schools (cost/admin efficiency)","extrait"
"148","Affordable housing biggest obstacle for expats; those with reasonable rents fear landlord increases at renewal","https://www.qatarliving.com/forum/doha/posts/affordable-housing-biggest-obstacle","","rent_landlord","Logement et loyers","4","expat tenants","tenants","extrait"
"149","Landlord increased house rent by 20% claiming going rate despite belief of a 10% legal cap","https://www.qatarliving.com/forum/advice-help/posts/increase-house-rent-land-lord","","rent_landlord","Logement et loyers","4","tenants","tenants","extrait"
"150","Tenant who creates problems - landlord asking for help (non-paying/difficult tenant)","https://www.qatarliving.com/moving-qatar/posts/tenant-who-create-problemplz-help","","rent_landlord","Logement et loyers","3","small landlords","landlords (property mgmt tool)","extrait"
"151","Rent disputes: tenants told to contact Rental Disputes Settlement Committee directly","https://www.qatarliving.com/content/community/post/detail/forum/news/rent-disputes-get-touch-directly-rental-disputes-settlements-committee","","rent_landlord","Logement et loyers","3","tenants & landlords","both","extrait"
"152","Qatarization Law 12/2024: employers missing quotas face up to 3 months suspension of work permit processing; small foreign teams find quotas hard","https://www.remotepass.com/country/qatar/work-visas","2024","qatarization_compliance","Salaires, RH et main-d’œuvre","4","SMEs","SMEs (Qatarization compliance tracking)","extrait"
"153","SMEs must compete with public-sector salaries/hours to recruit Qataris - substantial financial burden for small companies","https://www.swan.qa/blog/qatarization-explained-for-employers","2026","qatarization_compliance","Salaires, RH et main-d’œuvre","4","SMEs","SMEs","extrait"
"154","Qatar e-invoicing law approved May 2026, mandatory go-live ~Jan 2027; no blanket SME exemption; need systems integrated with e-invoice platform","https://www.mbgcorp.com/qatar/insights/qatar-approves-e-invoicing-mandate/","2026-05","einvoicing_vat","Facturation, impayés et fiscalité","5","SMEs, accountants","SMEs (e-invoicing compliant invoicing SaaS)","extrait"
"155","VAT readiness: SMEs must train finance teams, replace manual invoicing, update contracts for coming 5% VAT","https://gmpatax.com/vat-readiness-checklist-for-smes-in-qatar/","2026","einvoicing_vat","Facturation, impayés et fiscalité","4","SMEs","SMEs","extrait"
"156","Work visa processing 'totally unpredictable, no committed timelines'; delays","https://www.qatarliving.com/visas-permits/posts/delay-work-visa","","work_visa_recruitment","Démarches résidence et documents","4","employers & new hires","SMEs / recruiters","extrait"
"157","Nationality quota for company exhausted for the year, visa won't be processed until next year","https://www.qatarliving.com/visas-permits/posts/work-visa-process-duration","","work_visa_recruitment","Démarches résidence et documents","4","employers","SMEs","extrait"
"158","Job offer as Production Supervisor but visa profession says Labourer (visa designation mismatch)","https://www.qatarliving.com/forum/visas-permits/posts/job-offer-production-supervisor-visa-profession-labourer","","work_visa_recruitment","Démarches résidence et documents","3","employees","employees / HR","extrait"
"159","QVC medical delays: applicants told to email regularly and get sponsor company to raise tickets; Delhi slots full weeks ahead; pending medical results/backlogs","https://www.expat.com/en/forum/middle-east/qatar/1000134-qvc-qatar-visa-center.html","","work_visa_recruitment","Démarches résidence et documents","4","incoming workers & employers","employers/recruitment agencies (visa pipeline tracker)","extrait"
"160","Al Sharq (AR): citizens demand a committee to schedule health-centre appointments; specialist clinic waits up to six months or more","https://al-sharq.com/article/20/08/2024/%D9%85%D9%88%D8%A7%D8%B7%D9%86%D9%88%D9%86-%D9%84%D9%80-%D8%A7%D9%84%D8%B4%D8%B1%D9%82:-%D9%85%D8%B7%D8%A7%D9%84%D8%A8-%D8%A8%D9%84%D8%AC%D9%86%D8%A9-%D9%84%D8%AC%D8%AF%D9%88%D9%84%D8%A9-%D9%85%D9%88%D8%A7%D8%B9%D9%8A%D8%AF-%D8%A7%D9%84%D9%85%D8%B1%D8%A7%D9%83%D8%B2-%D8%A7%D9%84%D8%B5%D8%AD%D9%8A%D8%A9","2024-08-20","healthcare_appointment","Santé : accès et rendez-vous","4","citizens/patients","private clinics (booking/waitlist)","extrait"
"161","Al Sharq (AR): PHCC - 27% of booked family-medicine appointments are wasted (no-shows); 3 solutions to improve appointment booking","https://al-sharq.com/article/26/09/2024/%D8%AF-%D8%AF%D8%B1%D9%8A%D8%A9-%D8%A7%D9%84%D9%82%D8%AD%D8%B7%D8%A7%D9%86%D9%8A-%D9%85%D8%AF%D9%8A%D8%B1-%D8%A7%D9%84%D8%AE%D8%AF%D9%85%D8%A7%D8%AA-%D8%A7%D9%84%D9%85%D8%AA%D9%83%D8%A7%D9%85%D9%84%D8%A9-%D9%88%D8%A7%D9%84%D8%B1%D8%B9%D8%A7%D9%8A%D8%A9-%D8%A7%D9%84%D9%85%D8%B3%D8%AA%D9%85%D8%B1%D8%A9-%D8%A8%D8%A7%D9%84%D9%85%D8%A4%D8%B3%D8%B3%D8%A9-%D9%84%D9%80-%D8%A7%D9%84%D8%B4%D8%B1%D9%82-%D8%AD%D8%B2%D9%85%D8%A9-%D9%85%D8%B4%D8%A7%D8%B1%D9%8A%D8%B9-%D9%84%D8%AA%D8%B7%D9%88%D9%8A%D8%B1-%D8%AE%D8%AF%D9%85%D8%A9-%D8%AD%D8%AC%D8%B2-%D8%A7%D9%84%D9%85%D9%88%D8%A7%D8%B9%D9%8A%D8%AF-%D8%A7%D9%84%D8%B7%D8%A8%D9%8A%D8%A9-%D8%A8%D9%80-%D8%A7%D9%84%D8%B1%D8%B9%D8%A7%D9%8A%D8%A9-%D8%A7%D9%84%D8%A3%D9%88%D9%84%D9%8A%D8%A9","2024-09-26","healthcare_no_show","Santé : accès et rendez-vous","3","clinics","clinics (reminders / no-show reduction)","extrait"
"162","Al Watan (AR): appointment delays aggravate patients' suffering","https://www.al-watan.com/article/60464/%D8%A7%D9%84%D9%88%D8%B7%D9%86/%D8%A7%D9%84%D9%85%D8%B4%D9%83%D9%84%D8%A9-%D8%AA%D9%81%D8%A7%D9%82%D9%85-%D9%85%D9%86-%D9%85%D8%B9%D8%A7%D9%86%D8%A7%D8%A9-%D8%A7%D9%84%D9%85%D8%B1%D8%B6%D9%89","","healthcare_appointment","Santé : accès et rendez-vous","4","patients","patients","extrait"
"163","Fine for parking at wrong place - residents confused by ambiguous parking rules","https://www.qatarliving.com/forum/advice-help/posts/fine-parking-wrong-place-0","","parking_fines","Voiture et circulation","2","drivers","drivers","extrait"
"164","Car parking block - cars blocked in residential parking","https://www.qatarliving.com/moving-qatar/posts/car-parking-block","","parking_fines","Voiture et circulation","2","residents","residents / building managers","extrait"
"165","PayPal and Stripe not licensed for merchant accounts in Qatar; SMEs must use QCB-licensed local gateways requiring CR, licence, business file, QID","https://sadad.qa/en/best-payment-gateway-for-small-business-in-qatar/","2026","payments_merchant","Banque et paiements","3","ecommerce SMEs, freelancers","SMEs","extrait"
"166","No universal personal freelance permit in Qatar; residents on family/student permits can't freely take paid freelance work; must find commercial/professional licensing route","https://www.qatarliving.com/en/article/freelance-remote-work-visa-qatar-legal-status","2026","freelance_legal","Créer et gérer une PME","3","freelancers, spouses on family visa","freelancers (licensing/umbrella invoicing service)","extrait"
"167","Home-business licence (63 activities, QAR1020) but owner cannot hire workers from abroad","https://www.qatarliving.com/en/article/moci-makes-it-easier-cheaper-launch-home-businesses","2024","sme_setup","Créer et gérer une PME","2","home entrepreneurs","home businesses (storefront/invoicing tools)","extrait"
"168","False absconding case filed by my employer (deportation risk)","https://www.qatarliving.com/content/community/post/detail/forum/visas-permits/posts/false-absconding-done-my-employer","","labour_dispute","Salaires, RH et main-d’œuvre","5","expat employees","employees (legal help)","extrait"
"169","PRO services in Qatar: what they do and what they cost (SMEs outsource visa/CR/licence paperwork)","https://www.qatarliving.com/en/article/pro-services-qatar-what-they-do-cost","2026","sme_pro_paperwork","Créer et gérer une PME","3","SMEs","SMEs (PRO/document expiry management SaaS)","extrait"
